"Fecha","Cierre","Apertura","Máximo","Mínimo","% var."
"12.12.2011","0.07240","0.07350","0.07360","0.07200","-1.63"
"13.12.2011","0.07210","0.07240","0.07280","0.07190","-0.41"
"14.12.2011","0.07190","0.07210","0.07230","0.07160","-0.28"
"15.12.2011","0.07200","0.07190","0.07280","0.07180","0.14"
"16.12.2011","0.07220","0.07190","0.07260","0.07180","0.28"
"19.12.2011","0.07190","0.07220","0.07230","0.07180","-0.42"
"20.12.2011","0.07250","0.07190","0.07290","0.07180","0.83"
"21.12.2011","0.07230","0.07250","0.07310","0.07200","-0.28"
"22.12.2011","0.07240","0.07230","0.07270","0.07220","0.14"
"23.12.2011","0.07230","0.07230","0.07260","0.07200","-0.14"
"26.12.2011","0.07210","0.07210","0.07230","0.07200","-0.28"
"27.12.2011","0.07140","0.07220","0.07230","0.07120","-0.97"
"28.12.2011","0.07150","0.07140","0.07200","0.07120","0.14"
"29.12.2011","0.07130","0.07150","0.07170","0.07130","-0.28"
"30.12.2011","0.07170","0.07140","0.07190","0.07130","0.56"
"02.01.2012","0.07190","0.07170","0.07190","0.07150","0.28"
"03.01.2012","0.07320","0.07180","0.07330","0.07170","1.81"
"04.01.2012","0.07320","0.07320","0.07330","0.07270","0.00"
"05.01.2012","0.07270","0.07300","0.07320","0.07250","-0.68"
"06.01.2012","0.07290","0.07260","0.07320","0.07250","0.28"
"09.01.2012","0.07300","0.07270","0.07310","0.07260","0.14"
"10.01.2012","0.07330","0.07300","0.07380","0.07290","0.41"
"11.01.2012","0.07350","0.07340","0.07350","0.07300","0.27"
"12.01.2012","0.07380","0.07350","0.07400","0.07340","0.41"
"13.01.2012","0.07350","0.07390","0.07400","0.07300","-0.41"
"16.01.2012","0.07380","0.07340","0.07390","0.07330","0.41"
"17.01.2012","0.07440","0.07370","0.07460","0.07360","0.81"
"18.01.2012","0.07520","0.07440","0.07530","0.07420","1.08"
"19.01.2012","0.07560","0.07510","0.07570","0.07490","0.53"
"20.01.2012","0.07590","0.07560","0.07600","0.07520","0.40"
"23.01.2012","0.07600","0.07580","0.07640","0.07570","0.13"
"24.01.2012","0.07610","0.07590","0.07630","0.07540","0.13"
"25.01.2012","0.07680","0.07620","0.07690","0.07580","0.92"
"26.01.2012","0.07690","0.07680","0.07790","0.07660","0.13"
"27.01.2012","0.07740","0.07690","0.07750","0.07660","0.65"
"30.01.2012","0.07700","0.07730","0.07730","0.07660","-0.52"
"31.01.2012","0.07660","0.07700","0.07750","0.07650","-0.52"
"01.02.2012","0.07750","0.07670","0.07780","0.07650","1.17"
"02.02.2012","0.07810","0.07750","0.07820","0.07730","0.77"
"03.02.2012","0.07900","0.07810","0.07900","0.07780","1.15"
"06.02.2012","0.07890","0.07870","0.07930","0.07850","-0.13"
"07.02.2012","0.07880","0.07890","0.07930","0.07850","-0.13"
"08.02.2012","0.07860","0.07880","0.07920","0.07850","-0.25"
"09.02.2012","0.07890","0.07860","0.07890","0.07830","0.38"
"10.02.2012","0.07800","0.07890","0.07900","0.07780","-1.14"
"13.02.2012","0.07870","0.07820","0.07890","0.07820","0.90"
"14.02.2012","0.07830","0.07870","0.07880","0.07800","-0.51"
"15.02.2012","0.07770","0.07830","0.07880","0.07760","-0.77"
"16.02.2012","0.07790","0.07760","0.07820","0.07690","0.26"
"17.02.2012","0.07830","0.07800","0.07850","0.07790","0.51"
"20.02.2012","0.07870","0.07860","0.07900","0.07860","0.51"
"21.02.2012","0.07830","0.07880","0.07890","0.07800","-0.51"
"22.02.2012","0.07780","0.07820","0.07830","0.07780","-0.64"
"23.02.2012","0.07800","0.07780","0.07860","0.07750","0.26"
"24.02.2012","0.07750","0.07790","0.07830","0.07740","-0.64"
"27.02.2012","0.07760","0.07750","0.07790","0.07700","0.13"
"28.02.2012","0.07780","0.07760","0.07800","0.07750","0.26"
"29.02.2012","0.07780","0.07780","0.07840","0.07760","0.00"
"01.03.2012","0.07850","0.07770","0.07860","0.07760","0.90"
"02.03.2012","0.07840","0.07850","0.07860","0.07810","-0.13"
"05.03.2012","0.07790","0.07830","0.07840","0.07780","-0.64"
"06.03.2012","0.07690","0.07780","0.07800","0.07660","-1.28"
"07.03.2012","0.07760","0.07690","0.07780","0.07680","0.91"
"08.03.2012","0.07880","0.07770","0.07900","0.07750","1.55"
"09.03.2012","0.07900","0.07880","0.07940","0.07860","0.25"
"12.03.2012","0.07890","0.07900","0.07910","0.07850","-0.13"
"13.03.2012","0.07970","0.07890","0.07970","0.07880","1.01"
"14.03.2012","0.07860","0.07960","0.07970","0.07850","-1.38"
"15.03.2012","0.07900","0.07860","0.07920","0.07850","0.51"
"16.03.2012","0.07890","0.07900","0.07930","0.07870","-0.13"
"19.03.2012","0.07910","0.07890","0.07950","0.07870","0.25"
"20.03.2012","0.07890","0.07910","0.07920","0.07850","-0.25"
"21.03.2012","0.07870","0.07890","0.07930","0.07850","-0.25"
"22.03.2012","0.07810","0.07870","0.07880","0.07770","-0.76"
"23.03.2012","0.07840","0.07800","0.07850","0.07760","0.38"
"26.03.2012","0.07900","0.07830","0.07910","0.07820","0.77"
"27.03.2012","0.07870","0.07890","0.07930","0.07850","-0.38"
"28.03.2012","0.07830","0.07870","0.07880","0.07790","-0.51"
"29.03.2012","0.07810","0.07840","0.07850","0.07760","-0.26"
"30.03.2012","0.07810","0.07810","0.07850","0.07790","0.00"
"02.04.2012","0.07850","0.07830","0.07860","0.07800","0.51"
"03.04.2012","0.07820","0.07850","0.07880","0.07800","-0.38"
"04.04.2012","0.07820","0.07820","0.07830","0.07780","0.00"
"05.04.2012","0.07770","0.07810","0.07840","0.07760","-0.64"
"06.04.2012","0.07700","0.07770","0.07770","0.07650","-0.90"
"09.04.2012","0.07710","0.07690","0.07730","0.07660","0.13"
"10.04.2012","0.07600","0.07710","0.07730","0.07570","-1.43"
"11.04.2012","0.07600","0.07600","0.07630","0.07580","0.00"
"12.04.2012","0.07680","0.07600","0.07680","0.07590","1.05"
"13.04.2012","0.07590","0.07670","0.07680","0.07580","-1.17"
"16.04.2012","0.07560","0.07590","0.07600","0.07530","-0.40"
"17.04.2012","0.07630","0.07570","0.07660","0.07550","0.93"
"18.04.2012","0.07590","0.07630","0.07650","0.07580","-0.52"
"19.04.2012","0.07570","0.07580","0.07610","0.07530","-0.26"
"20.04.2012","0.07630","0.07570","0.07640","0.07560","0.79"
"23.04.2012","0.07590","0.07630","0.07640","0.07560","-0.52"
"24.04.2012","0.07600","0.07590","0.07620","0.07570","0.13"
"25.04.2012","0.07600","0.07600","0.07630","0.07580","0.00"
"26.04.2012","0.07590","0.07600","0.07630","0.07550","-0.13"
"27.04.2012","0.07710","0.07580","0.07720","0.07550","1.58"
"30.04.2012","0.07680","0.07700","0.07720","0.07660","-0.39"
"01.05.2012","0.07740","0.07670","0.07760","0.07660","0.78"
"02.05.2012","0.07730","0.07740","0.07750","0.07700","-0.13"
"03.05.2012","0.07680","0.07730","0.07750","0.07680","-0.65"
"04.05.2012","0.07590","0.07690","0.07710","0.07580","-1.17"
"07.05.2012","0.07600","0.07520","0.07610","0.07520","0.13"
"08.05.2012","0.07480","0.07600","0.07600","0.07460","-1.58"
"09.05.2012","0.07400","0.07480","0.07490","0.07370","-1.07"
"10.05.2012","0.07400","0.07390","0.07460","0.07380","0.00"
"11.05.2012","0.07370","0.07380","0.07420","0.07360","-0.41"
"14.05.2012","0.07280","0.07360","0.07380","0.07270","-1.22"
"15.05.2012","0.07230","0.07280","0.07340","0.07220","-0.69"
"16.05.2012","0.07260","0.07230","0.07340","0.07170","0.41"
"17.05.2012","0.07230","0.07260","0.07300","0.07210","-0.41"
"18.05.2012","0.07240","0.07230","0.07280","0.07190","0.14"
"21.05.2012","0.07300","0.07240","0.07300","0.07230","0.83"
"22.05.2012","0.07190","0.07300","0.07320","0.07190","-1.51"
"23.05.2012","0.07150","0.07190","0.07190","0.07100","-0.56"
"24.05.2012","0.07140","0.07140","0.07180","0.07110","-0.14"
"25.05.2012","0.07130","0.07140","0.07170","0.07110","-0.14"
"28.05.2012","0.07170","0.07170","0.07190","0.07160","0.56"
"29.05.2012","0.07200","0.07170","0.07210","0.07150","0.42"
"30.05.2012","0.07060","0.07200","0.07210","0.07060","-1.94"
"31.05.2012","0.06960","0.07070","0.07100","0.06950","-1.42"
"01.06.2012","0.06990","0.06970","0.07010","0.06850","0.43"
"04.06.2012","0.07030","0.06980","0.07060","0.06960","0.57"
"05.06.2012","0.07040","0.07040","0.07060","0.07000","0.14"
"06.06.2012","0.07130","0.07030","0.07140","0.07020","1.28"
"07.06.2012","0.07110","0.07120","0.07230","0.07090","-0.28"
"08.06.2012","0.07180","0.07100","0.07190","0.07030","0.98"
"11.06.2012","0.07090","0.07220","0.07240","0.07090","-1.25"
"12.06.2012","0.07160","0.07090","0.07170","0.07080","0.99"
"13.06.2012","0.07130","0.07150","0.07180","0.07120","-0.42"
"14.06.2012","0.07200","0.07130","0.07210","0.07100","0.98"
"15.06.2012","0.07180","0.07190","0.07210","0.07100","-0.28"
"18.06.2012","0.07230","0.07220","0.07240","0.07160","0.70"
"19.06.2012","0.07310","0.07230","0.07310","0.07220","1.11"
"20.06.2012","0.07300","0.07300","0.07340","0.07260","-0.14"
"21.06.2012","0.07180","0.07300","0.07330","0.07170","-1.64"
"22.06.2012","0.07220","0.07190","0.07250","0.07170","0.56"
"25.06.2012","0.07190","0.07220","0.07240","0.07150","-0.42"
"26.06.2012","0.07270","0.07190","0.07290","0.07170","1.11"
"27.06.2012","0.07380","0.07260","0.07390","0.07260","1.51"
"28.06.2012","0.07350","0.07370","0.07380","0.07280","-0.41"
"29.06.2012","0.07490","0.07340","0.07520","0.07330","1.90"
"02.07.2012","0.07500","0.07530","0.07550","0.07430","0.13"
"03.07.2012","0.07500","0.07500","0.07550","0.07430","0.00"
"04.07.2012","0.07500","0.07490","0.07510","0.07470","0.00"
"05.07.2012","0.07470","0.07500","0.07540","0.07440","-0.40"
"06.07.2012","0.07470","0.07450","0.07480","0.07390","0.00"
"09.07.2012","0.07500","0.07450","0.07510","0.07400","0.40"
"10.07.2012","0.07470","0.07500","0.07560","0.07460","-0.40"
"11.07.2012","0.07510","0.07480","0.07530","0.07470","0.54"
"12.07.2012","0.07440","0.07510","0.07520","0.07390","-0.93"
"13.07.2012","0.07520","0.07430","0.07530","0.07420","1.08"
"16.07.2012","0.07560","0.07520","0.07580","0.07490","0.53"
"17.07.2012","0.07600","0.07560","0.07600","0.07530","0.53"
"18.07.2012","0.07600","0.07600","0.07640","0.07560","0.00"
"19.07.2012","0.07570","0.07590","0.07630","0.07540","-0.39"
"20.07.2012","0.07490","0.07560","0.07570","0.07480","-1.06"
"23.07.2012","0.07360","0.07480","0.07490","0.07350","-1.74"
"24.07.2012","0.07300","0.07350","0.07370","0.07260","-0.82"
"25.07.2012","0.07360","0.07290","0.07360","0.07280","0.82"
"26.07.2012","0.07450","0.07350","0.07470","0.07330","1.22"
"27.07.2012","0.07550","0.07450","0.07570","0.07430","1.34"
"30.07.2012","0.07530","0.07550","0.07570","0.07510","-0.26"
"31.07.2012","0.07500","0.07520","0.07560","0.07500","-0.40"
"01.08.2012","0.07470","0.07490","0.07550","0.07460","-0.40"
"02.08.2012","0.07500","0.07470","0.07530","0.07420","0.40"
"03.08.2012","0.07600","0.07500","0.07630","0.07480","1.33"
"06.08.2012","0.07580","0.07610","0.07670","0.07570","-0.26"
"07.08.2012","0.07560","0.07580","0.07620","0.07550","-0.26"
"08.08.2012","0.07610","0.07560","0.07620","0.07520","0.66"
"09.08.2012","0.07640","0.07610","0.07650","0.07580","0.39"
"10.08.2012","0.07650","0.07640","0.07650","0.07590","0.13"
"13.08.2012","0.07610","0.07640","0.07670","0.07590","-0.52"
"14.08.2012","0.07580","0.07600","0.07650","0.07580","-0.39"
"15.08.2012","0.07610","0.07590","0.07620","0.07560","0.40"
"16.08.2012","0.07590","0.07610","0.07640","0.07580","-0.26"
"17.08.2012","0.07630","0.07580","0.07630","0.07550","0.53"
"20.08.2012","0.07630","0.07610","0.07650","0.07600","0.00"
"21.08.2012","0.07600","0.07620","0.07670","0.07590","-0.39"
"22.08.2012","0.07650","0.07590","0.07670","0.07560","0.66"
"23.08.2012","0.07590","0.07640","0.07660","0.07580","-0.78"
"24.08.2012","0.07590","0.07590","0.07620","0.07550","0.00"
"27.08.2012","0.07570","0.07590","0.07600","0.07560","-0.26"
"28.08.2012","0.07580","0.07570","0.07600","0.07550","0.13"
"29.08.2012","0.07510","0.07580","0.07600","0.07500","-0.92"
"30.08.2012","0.07490","0.07500","0.07510","0.07440","-0.27"
"31.08.2012","0.07570","0.07490","0.07590","0.07470","1.07"
"03.09.2012","0.07580","0.07560","0.07590","0.07550","0.13"
"04.09.2012","0.07580","0.07570","0.07610","0.07570","0.00"
"05.09.2012","0.07620","0.07590","0.07630","0.07550","0.53"
"06.09.2012","0.07650","0.07610","0.07680","0.07610","0.39"
"07.09.2012","0.07700","0.07630","0.07730","0.07600","0.65"
"10.09.2012","0.07650","0.07700","0.07720","0.07640","-0.65"
"11.09.2012","0.07700","0.07640","0.07710","0.07640","0.65"
"12.09.2012","0.07680","0.07700","0.07720","0.07650","-0.26"
"13.09.2012","0.07800","0.07680","0.07810","0.07660","1.56"
"14.09.2012","0.07860","0.07790","0.07870","0.07790","0.77"
"17.09.2012","0.07830","0.07850","0.07870","0.07800","-0.38"
"18.09.2012","0.07810","0.07820","0.07840","0.07780","-0.26"
"19.09.2012","0.07780","0.07810","0.07830","0.07770","-0.38"
"20.09.2012","0.07770","0.07780","0.07780","0.07720","-0.13"
"21.09.2012","0.07780","0.07770","0.07820","0.07750","0.13"
"24.09.2012","0.07740","0.07780","0.07780","0.07720","-0.51"
"25.09.2012","0.07770","0.07740","0.07810","0.07720","0.39"
"26.09.2012","0.07760","0.07770","0.07780","0.07720","-0.13"
"27.09.2012","0.07790","0.07760","0.07810","0.07750","0.39"
"28.09.2012","0.07770","0.07790","0.07810","0.07760","-0.26"
"01.10.2012","0.07790","0.07770","0.07820","0.07740","0.26"
"02.10.2012","0.07770","0.07790","0.07810","0.07750","-0.26"
"03.10.2012","0.07790","0.07770","0.07800","0.07750","0.26"
"04.10.2012","0.07840","0.07790","0.07860","0.07790","0.64"
"05.10.2012","0.07820","0.07840","0.07900","0.07800","-0.26"
"08.10.2012","0.07810","0.07820","0.07830","0.07760","-0.13"
"09.10.2012","0.07760","0.07800","0.07830","0.07740","-0.64"
"10.10.2012","0.07700","0.07770","0.07790","0.07690","-0.77"
"11.10.2012","0.07750","0.07690","0.07770","0.07690","0.65"
"12.10.2012","0.07770","0.07730","0.07780","0.07730","0.26"
"15.10.2012","0.07810","0.07770","0.07820","0.07750","0.51"
"16.10.2012","0.07800","0.07800","0.07830","0.07770","-0.13"
"17.10.2012","0.07810","0.07800","0.07830","0.07780","0.13"
"18.10.2012","0.07780","0.07810","0.07830","0.07760","-0.38"
"19.10.2012","0.07760","0.07780","0.07790","0.07750","-0.26"
"22.10.2012","0.07780","0.07760","0.07800","0.07740","0.26"
"23.10.2012","0.07710","0.07770","0.07780","0.07680","-0.90"
"24.10.2012","0.07700","0.07710","0.07730","0.07660","-0.13"
"25.10.2012","0.07690","0.07700","0.07750","0.07670","-0.13"
"26.10.2012","0.07700","0.07690","0.07710","0.07650","0.13"
"29.10.2012","0.07650","0.07680","0.07690","0.07630","-0.65"
"30.10.2012","0.07650","0.07650","0.07670","0.07620","0.00"
"31.10.2012","0.07630","0.07650","0.07680","0.07630","-0.26"
"01.11.2012","0.07680","0.07630","0.07690","0.07610","0.66"
"02.11.2012","0.07670","0.07680","0.07740","0.07660","-0.13"
"05.11.2012","0.07670","0.07670","0.07680","0.07650","0.00"
"06.11.2012","0.07720","0.07670","0.07730","0.07660","0.65"
"07.11.2012","0.07660","0.07710","0.07750","0.07640","-0.78"
"08.11.2012","0.07600","0.07650","0.07660","0.07590","-0.78"
"09.11.2012","0.07580","0.07590","0.07620","0.07520","-0.26"
"12.11.2012","0.07570","0.07580","0.07600","0.07550","-0.13"
"13.11.2012","0.07560","0.07560","0.07590","0.07520","-0.13"
"14.11.2012","0.07530","0.07550","0.07600","0.07530","-0.40"
"15.11.2012","0.07560","0.07530","0.07570","0.07520","0.40"
"16.11.2012","0.07610","0.07570","0.07620","0.07540","0.66"
"19.11.2012","0.07660","0.07610","0.07660","0.07610","0.66"
"20.11.2012","0.07690","0.07660","0.07690","0.07630","0.39"
"21.11.2012","0.07660","0.07690","0.07690","0.07650","-0.39"
"22.11.2012","0.07670","0.07660","0.07700","0.07650","0.13"
"23.11.2012","0.07720","0.07670","0.07730","0.07670","0.65"
"26.11.2012","0.07680","0.07710","0.07720","0.07670","-0.52"
"27.11.2012","0.07670","0.07680","0.07720","0.07660","-0.13"
"28.11.2012","0.07700","0.07670","0.07710","0.07640","0.39"
"29.11.2012","0.07730","0.07700","0.07740","0.07690","0.39"
"30.11.2012","0.07730","0.07720","0.07750","0.07720","0.00"
"03.12.2012","0.07700","0.07710","0.07770","0.07700","-0.39"
"04.12.2012","0.07720","0.07690","0.07740","0.07690","0.26"
"05.12.2012","0.07740","0.07720","0.07750","0.07710","0.26"
"06.12.2012","0.07770","0.07730","0.07780","0.07730","0.39"
"07.12.2012","0.07780","0.07760","0.07810","0.07750","0.13"
"10.12.2012","0.07810","0.07770","0.07820","0.07770","0.39"
"11.12.2012","0.07840","0.07810","0.07850","0.07800","0.38"
"12.12.2012","0.07840","0.07850","0.07890","0.07830","0.00"
"13.12.2012","0.07810","0.07850","0.07860","0.07780","-0.38"
"14.12.2012","0.07850","0.07810","0.07850","0.07790","0.51"
"17.12.2012","0.07850","0.07840","0.07850","0.07810","0.00"
"18.12.2012","0.07860","0.07860","0.07870","0.07840","0.13"
"19.12.2012","0.07830","0.07860","0.07880","0.07830","-0.38"
"20.12.2012","0.07840","0.07830","0.07850","0.07810","0.13"
"21.12.2012","0.07730","0.07840","0.07850","0.07720","-1.40"
"24.12.2012","0.07710","0.07720","0.07740","0.07670","-0.26"
"25.12.2012","0.07700","0.07700","0.07710","0.07690","-0.13"
"26.12.2012","0.07680","0.07690","0.07730","0.07670","-0.26"
"27.12.2012","0.07700","0.07680","0.07730","0.07670","0.26"
"28.12.2012","0.07680","0.07700","0.07730","0.07670","-0.26"
"31.12.2012","0.07780","0.07680","0.07790","0.07660","1.30"
"01.01.2013","0.07770","0.07770","0.07780","0.07760","-0.13"
"02.01.2013","0.07840","0.07760","0.07860","0.07740","0.90"
"03.01.2013","0.07810","0.07840","0.07860","0.07800","-0.38"
"04.01.2013","0.07850","0.07810","0.07850","0.07790","0.51"
"07.01.2013","0.07830","0.07830","0.07860","0.07820","-0.25"
"08.01.2013","0.07810","0.07840","0.07850","0.07800","-0.26"
"09.01.2013","0.07860","0.07810","0.07860","0.07800","0.64"
"10.01.2013","0.07920","0.07860","0.07930","0.07850","0.76"
"11.01.2013","0.07900","0.07920","0.07950","0.07890","-0.25"
"14.01.2013","0.07940","0.07900","0.07940","0.07880","0.51"
"15.01.2013","0.07920","0.07940","0.07940","0.07870","-0.25"
"16.01.2013","0.07920","0.07930","0.07930","0.07880","0.00"
"17.01.2013","0.07950","0.07920","0.07970","0.07910","0.38"
"18.01.2013","0.07900","0.07940","0.07950","0.07880","-0.63"
"21.01.2013","0.07880","0.07890","0.07900","0.07860","-0.25"
"22.01.2013","0.07910","0.07880","0.07920","0.07860","0.38"
"23.01.2013","0.07880","0.07920","0.07930","0.07880","-0.38"
"24.01.2013","0.07910","0.07880","0.07930","0.07860","0.38"
"25.01.2013","0.07880","0.07910","0.07930","0.07850","-0.38"
"28.01.2013","0.07830","0.07870","0.07890","0.07810","-0.63"
"29.01.2013","0.07860","0.07830","0.07880","0.07820","0.38"
"30.01.2013","0.07850","0.07860","0.07890","0.07830","-0.13"
"31.01.2013","0.07870","0.07860","0.07900","0.07840","0.25"
"01.02.2013","0.07930","0.07870","0.07950","0.07830","0.76"
"04.02.2013","0.07870","0.07930","0.07930","0.07860","-0.76"
"05.02.2013","0.07910","0.07860","0.07930","0.07860","0.51"
"06.02.2013","0.07880","0.07910","0.07920","0.07860","-0.38"
"07.02.2013","0.07850","0.07890","0.07910","0.07830","-0.38"
"08.02.2013","0.07860","0.07850","0.07870","0.07840","0.13"
"11.02.2013","0.07850","0.07840","0.07860","0.07800","-0.13"
"12.02.2013","0.07870","0.07850","0.07880","0.07820","0.25"
"13.02.2013","0.07880","0.07880","0.07900","0.07850","0.13"
"14.02.2013","0.07880","0.07880","0.07890","0.07840","0.00"
"15.02.2013","0.07870","0.07880","0.07900","0.07860","-0.13"
"18.02.2013","0.07880","0.07870","0.07890","0.07870","0.13"
"19.02.2013","0.07910","0.07880","0.07910","0.07870","0.38"
"20.02.2013","0.07860","0.07910","0.07920","0.07850","-0.63"
"21.02.2013","0.07850","0.07860","0.07870","0.07810","-0.13"
"22.02.2013","0.07870","0.07850","0.07890","0.07830","0.25"
"25.02.2013","0.07810","0.07860","0.07910","0.07800","-0.76"
"26.02.2013","0.07780","0.07810","0.07840","0.07750","-0.38"
"27.02.2013","0.07840","0.07780","0.07840","0.07760","0.77"
"28.02.2013","0.07830","0.07830","0.07860","0.07810","-0.13"
"01.03.2013","0.07830","0.07820","0.07850","0.07770","0.00"
"04.03.2013","0.07840","0.07830","0.07850","0.07790","0.13"
"05.03.2013","0.07870","0.07850","0.07880","0.07840","0.38"
"06.03.2013","0.07820","0.07870","0.07890","0.07820","-0.64"
"07.03.2013","0.07840","0.07820","0.07840","0.07810","0.26"
"08.03.2013","0.07910","0.07840","0.07920","0.07820","0.89"
"11.03.2013","0.07980","0.07920","0.07990","0.07910","0.88"
"12.03.2013","0.08040","0.07980","0.08050","0.07960","0.75"
"13.03.2013","0.08030","0.08030","0.08080","0.08020","-0.12"
"14.03.2013","0.08050","0.08030","0.08070","0.08010","0.25"
"15.03.2013","0.08040","0.08040","0.08060","0.08020","-0.12"
"18.03.2013","0.08060","0.08000","0.08070","0.07970","0.25"
"19.03.2013","0.08050","0.08060","0.08090","0.08020","-0.12"
"20.03.2013","0.08100","0.08040","0.08100","0.08030","0.62"
"21.03.2013","0.08050","0.08100","0.08120","0.08040","-0.62"
"22.03.2013","0.08100","0.08040","0.08100","0.08030","0.62"
"25.03.2013","0.08100","0.08080","0.08120","0.08080","0.00"
"26.03.2013","0.08100","0.08090","0.08130","0.08080","0.00"
"27.03.2013","0.08100","0.08090","0.08120","0.08050","0.00"
"28.03.2013","0.08100","0.08100","0.08120","0.08080","0.00"
"29.03.2013","0.08120","0.08090","0.08130","0.08080","0.25"
"01.04.2013","0.08090","0.08090","0.08140","0.08080","-0.37"
"02.04.2013","0.08150","0.08090","0.08160","0.08080","0.74"
"03.04.2013","0.08100","0.08140","0.08160","0.08090","-0.61"
"04.04.2013","0.08110","0.08100","0.08150","0.08090","0.12"
"05.04.2013","0.08210","0.08120","0.08220","0.08060","1.23"
"08.04.2013","0.08210","0.08200","0.08240","0.08180","0.00"
"09.04.2013","0.08230","0.08210","0.08250","0.08190","0.24"
"10.04.2013","0.08260","0.08230","0.08270","0.08220","0.36"
"11.04.2013","0.08300","0.08260","0.08320","0.08240","0.48"
"12.04.2013","0.08280","0.08300","0.08320","0.08250","-0.24"
"15.04.2013","0.08140","0.08280","0.08290","0.08130","-1.69"
"16.04.2013","0.08230","0.08140","0.08250","0.08140","1.11"
"17.04.2013","0.08180","0.08230","0.08240","0.08140","-0.61"
"18.04.2013","0.08150","0.08180","0.08220","0.08100","-0.37"
"19.04.2013","0.08160","0.08150","0.08210","0.08130","0.12"
"22.04.2013","0.08150","0.08140","0.08170","0.08090","-0.12"
"23.04.2013","0.08170","0.08150","0.08200","0.08080","0.25"
"24.04.2013","0.08220","0.08160","0.08220","0.08130","0.61"
"25.04.2013","0.08220","0.08210","0.08270","0.08200","0.00"
"26.04.2013","0.08230","0.08220","0.08240","0.08190","0.12"
"29.04.2013","0.08190","0.08220","0.08280","0.08180","-0.49"
"30.04.2013","0.08240","0.08190","0.08250","0.08180","0.61"
"01.05.2013","0.08200","0.08240","0.08250","0.08160","-0.49"
"02.05.2013","0.08220","0.08200","0.08230","0.08190","0.24"
"03.05.2013","0.08280","0.08210","0.08300","0.08200","0.73"
"06.05.2013","0.08260","0.08280","0.08290","0.08250","-0.24"
"07.05.2013","0.08310","0.08260","0.08320","0.08240","0.61"
"08.05.2013","0.08350","0.08310","0.08360","0.08280","0.48"
"09.05.2013","0.08340","0.08350","0.08380","0.08300","-0.12"
"10.05.2013","0.08270","0.08340","0.08350","0.08220","-0.84"
"13.05.2013","0.08220","0.08270","0.08290","0.08210","-0.60"
"14.05.2013","0.08200","0.08220","0.08250","0.08180","-0.24"
"15.05.2013","0.08190","0.08200","0.08230","0.08150","-0.12"
"16.05.2013","0.08150","0.08190","0.08210","0.08140","-0.49"
"17.05.2013","0.08100","0.08140","0.08160","0.08090","-0.61"
"20.05.2013","0.08130","0.08100","0.08150","0.08090","0.37"
"21.05.2013","0.08110","0.08130","0.08150","0.08070","-0.25"
"22.05.2013","0.08050","0.08100","0.08180","0.08030","-0.74"
"23.05.2013","0.08070","0.08050","0.08070","0.07970","0.25"
"24.05.2013","0.07970","0.08060","0.08080","0.07960","-1.24"
"27.05.2013","0.08020","0.07980","0.08030","0.07970","0.63"
"28.05.2013","0.07920","0.08020","0.08040","0.07910","-1.25"
"29.05.2013","0.07900","0.07920","0.07940","0.07850","-0.25"
"30.05.2013","0.07820","0.07900","0.07930","0.07780","-1.01"
"31.05.2013","0.07810","0.07820","0.07850","0.07720","-0.13"
"03.06.2013","0.07850","0.07800","0.07860","0.07770","0.51"
"04.06.2013","0.07870","0.07840","0.07890","0.07810","0.25"
"05.06.2013","0.07780","0.07860","0.07890","0.07770","-1.14"
"06.06.2013","0.07810","0.07780","0.07820","0.07730","0.39"
"07.06.2013","0.07830","0.07810","0.07890","0.07760","0.26"
"10.06.2013","0.07740","0.07820","0.07840","0.07740","-1.15"
"11.06.2013","0.07800","0.07740","0.07820","0.07630","0.78"
"12.06.2013","0.07740","0.07790","0.07860","0.07730","-0.77"
"13.06.2013","0.07920","0.07730","0.07920","0.07710","2.33"
"14.06.2013","0.07870","0.07920","0.07940","0.07860","-0.63"
"17.06.2013","0.07790","0.07860","0.07910","0.07760","-1.02"
"18.06.2013","0.07760","0.07790","0.07810","0.07720","-0.39"
"19.06.2013","0.07550","0.07750","0.07800","0.07550","-2.71"
"20.06.2013","0.07480","0.07550","0.07580","0.07430","-0.93"
"21.06.2013","0.07520","0.07480","0.07560","0.07430","0.53"
"24.06.2013","0.07520","0.07500","0.07560","0.07440","0.00"
"25.06.2013","0.07560","0.07520","0.07620","0.07520","0.53"
"26.06.2013","0.07600","0.07560","0.07620","0.07540","0.53"
"27.06.2013","0.07680","0.07590","0.07710","0.07590","1.05"
"28.06.2013","0.07720","0.07680","0.07740","0.07630","0.52"
"01.07.2013","0.07720","0.07710","0.07780","0.07700","0.00"
"02.07.2013","0.07660","0.07710","0.07750","0.07630","-0.78"
"03.07.2013","0.07720","0.07660","0.07720","0.07600","0.78"
"04.07.2013","0.07740","0.07710","0.07800","0.07690","0.26"
"05.07.2013","0.07650","0.07740","0.07770","0.07600","-1.16"
"08.07.2013","0.07760","0.07640","0.07780","0.07610","1.44"
"09.07.2013","0.07750","0.07760","0.07810","0.07750","-0.13"
"10.07.2013","0.07750","0.07750","0.07780","0.07700","0.00"
"11.07.2013","0.07810","0.07750","0.07820","0.07750","0.77"
"12.07.2013","0.07800","0.07810","0.07830","0.07770","-0.13"
"15.07.2013","0.07890","0.07790","0.07900","0.07790","1.15"
"16.07.2013","0.07920","0.07890","0.07950","0.07880","0.38"
"17.07.2013","0.08020","0.07920","0.08030","0.07900","1.26"
"18.07.2013","0.08000","0.08020","0.08050","0.07960","-0.25"
"19.07.2013","0.07980","0.07990","0.08030","0.07940","-0.25"
"22.07.2013","0.08000","0.07970","0.08010","0.07970","0.25"
"23.07.2013","0.08000","0.08000","0.08010","0.07970","0.00"
"24.07.2013","0.07920","0.08000","0.08020","0.07880","-1.00"
"25.07.2013","0.07940","0.07910","0.07960","0.07890","0.25"
"26.07.2013","0.07890","0.07930","0.07950","0.07840","-0.63"
"29.07.2013","0.07840","0.07890","0.07900","0.07830","-0.63"
"30.07.2013","0.07830","0.07830","0.07860","0.07810","-0.13"
"31.07.2013","0.07850","0.07830","0.07860","0.07750","0.26"
"01.08.2013","0.07790","0.07850","0.07860","0.07770","-0.76"
"02.08.2013","0.07900","0.07790","0.07920","0.07770","1.41"
"05.08.2013","0.07910","0.07890","0.07930","0.07870","0.13"
"06.08.2013","0.07920","0.07910","0.07930","0.07880","0.13"
"07.08.2013","0.07860","0.07920","0.07930","0.07840","-0.76"
"08.08.2013","0.07930","0.07850","0.07950","0.07840","0.89"
"09.08.2013","0.07930","0.07930","0.07970","0.07910","0.00"
"12.08.2013","0.07890","0.07920","0.07970","0.07870","-0.50"
"13.08.2013","0.07860","0.07880","0.07900","0.07820","-0.38"
"14.08.2013","0.07850","0.07860","0.07870","0.07830","-0.13"
"15.08.2013","0.07800","0.07850","0.07870","0.07750","-0.64"
"16.08.2013","0.07740","0.07800","0.07810","0.07700","-0.77"
"19.08.2013","0.07640","0.07740","0.07750","0.07640","-1.29"
"20.08.2013","0.07710","0.07640","0.07720","0.07630","0.92"
"21.08.2013","0.07540","0.07700","0.07710","0.07530","-2.20"
"22.08.2013","0.07640","0.07530","0.07640","0.07510","1.33"
"23.08.2013","0.07720","0.07640","0.07730","0.07630","1.05"
"26.08.2013","0.07580","0.07700","0.07720","0.07560","-1.81"
"27.08.2013","0.07560","0.07580","0.07590","0.07470","-0.26"
"28.08.2013","0.07510","0.07550","0.07560","0.07490","-0.66"
"29.08.2013","0.07490","0.07510","0.07550","0.07470","-0.27"
"30.08.2013","0.07470","0.07480","0.07540","0.07460","-0.27"
"02.09.2013","0.07500","0.07470","0.07550","0.07470","0.40"
"03.09.2013","0.07470","0.07510","0.07510","0.07420","-0.40"
"04.09.2013","0.07510","0.07470","0.07540","0.07460","0.54"
"05.09.2013","0.07470","0.07510","0.07520","0.07440","-0.53"
"06.09.2013","0.07590","0.07470","0.07600","0.07460","1.61"
"09.09.2013","0.07630","0.07580","0.07640","0.07560","0.53"
"10.09.2013","0.07640","0.07630","0.07660","0.07600","0.13"
"11.09.2013","0.07660","0.07640","0.07680","0.07610","0.26"
"12.09.2013","0.07660","0.07660","0.07680","0.07610","0.00"
"13.09.2013","0.07670","0.07650","0.07680","0.07610","0.13"
"16.09.2013","0.07730","0.07670","0.07770","0.07660","0.78"
"17.09.2013","0.07740","0.07730","0.07750","0.07710","0.13"
"18.09.2013","0.07900","0.07740","0.07910","0.07700","2.07"
"19.09.2013","0.07870","0.07890","0.07950","0.07840","-0.38"
"20.09.2013","0.07780","0.07870","0.07880","0.07740","-1.14"
"23.09.2013","0.07810","0.07780","0.07840","0.07760","0.39"
"24.09.2013","0.07720","0.07800","0.07810","0.07720","-1.15"
"25.09.2013","0.07690","0.07720","0.07740","0.07670","-0.39"
"26.09.2013","0.07650","0.07680","0.07730","0.07620","-0.52"
"27.09.2013","0.07610","0.07650","0.07660","0.07580","-0.52"
"30.09.2013","0.07640","0.07580","0.07640","0.07550","0.39"
"01.10.2013","0.07600","0.07640","0.07670","0.07580","-0.52"
"02.10.2013","0.07630","0.07600","0.07640","0.07560","0.39"
"03.10.2013","0.07600","0.07620","0.07630","0.07490","-0.39"
"04.10.2013","0.07640","0.07600","0.07660","0.07580","0.53"
"07.10.2013","0.07610","0.07640","0.07650","0.07580","-0.39"
"08.10.2013","0.07560","0.07610","0.07660","0.07560","-0.66"
"09.10.2013","0.07580","0.07560","0.07600","0.07550","0.26"
"10.10.2013","0.07640","0.07580","0.07660","0.07560","0.79"
"11.10.2013","0.07700","0.07630","0.07710","0.07620","0.79"
"14.10.2013","0.07700","0.07690","0.07720","0.07640","0.00"
"15.10.2013","0.07700","0.07690","0.07730","0.07670","0.00"
"16.10.2013","0.07790","0.07690","0.07790","0.07680","1.17"
"17.10.2013","0.07820","0.07780","0.07850","0.07760","0.39"
"18.10.2013","0.07780","0.07820","0.07840","0.07770","-0.51"
"21.10.2013","0.07700","0.07780","0.07790","0.07690","-1.03"
"22.10.2013","0.07790","0.07700","0.07790","0.07680","1.17"
"23.10.2013","0.07700","0.07780","0.07800","0.07690","-1.16"
"24.10.2013","0.07710","0.07690","0.07740","0.07660","0.13"
"25.10.2013","0.07760","0.07710","0.07790","0.07690","0.65"
"28.10.2013","0.07770","0.07750","0.07790","0.07740","0.13"
"29.10.2013","0.07740","0.07760","0.07770","0.07730","-0.39"
"30.10.2013","0.07730","0.07740","0.07800","0.07690","-0.13"
"31.10.2013","0.07680","0.07730","0.07750","0.07660","-0.65"
"01.11.2013","0.07660","0.07680","0.07690","0.07630","-0.26"
"04.11.2013","0.07690","0.07640","0.07710","0.07640","0.39"
"05.11.2013","0.07600","0.07690","0.07700","0.07580","-1.17"
"06.11.2013","0.07590","0.07600","0.07650","0.07580","-0.13"
"07.11.2013","0.07560","0.07590","0.07640","0.07540","-0.40"
"08.11.2013","0.07590","0.07560","0.07620","0.07500","0.40"
"11.11.2013","0.07570","0.07580","0.07620","0.07530","-0.26"
"12.11.2013","0.07590","0.07560","0.07600","0.07530","0.26"
"13.11.2013","0.07680","0.07590","0.07680","0.07570","1.19"
"14.11.2013","0.07710","0.07680","0.07720","0.07630","0.39"
"15.11.2013","0.07730","0.07710","0.07740","0.07690","0.26"
"18.11.2013","0.07760","0.07720","0.07780","0.07720","0.39"
"19.11.2013","0.07710","0.07750","0.07770","0.07710","-0.64"
"20.11.2013","0.07640","0.07710","0.07750","0.07620","-0.91"
"21.11.2013","0.07680","0.07630","0.07680","0.07600","0.52"
"22.11.2013","0.07710","0.07670","0.07720","0.07640","0.39"
"25.11.2013","0.07660","0.07700","0.07720","0.07650","-0.65"
"26.11.2013","0.07660","0.07660","0.07680","0.07610","0.00"
"27.11.2013","0.07620","0.07660","0.07670","0.07620","-0.52"
"28.11.2013","0.07650","0.07620","0.07680","0.07610","0.39"
"29.11.2013","0.07630","0.07640","0.07670","0.07610","-0.26"
"02.12.2013","0.07570","0.07620","0.07640","0.07560","-0.79"
"03.12.2013","0.07630","0.07560","0.07640","0.07530","0.79"
"04.12.2013","0.07670","0.07630","0.07680","0.07590","0.52"
"05.12.2013","0.07640","0.07670","0.07700","0.07630","-0.39"
"06.12.2013","0.07730","0.07630","0.07750","0.07620","1.18"
"09.12.2013","0.07780","0.07730","0.07810","0.07730","0.65"
"10.12.2013","0.07780","0.07780","0.07810","0.07760","0.00"
"11.12.2013","0.07670","0.07770","0.07790","0.07670","-1.41"
"12.12.2013","0.07710","0.07670","0.07710","0.07630","0.52"
"13.12.2013","0.07760","0.07710","0.07770","0.07680","0.65"
"16.12.2013","0.07740","0.07760","0.07760","0.07700","-0.26"
"17.12.2013","0.07720","0.07730","0.07750","0.07700","-0.26"
"18.12.2013","0.07760","0.07710","0.07800","0.07670","0.52"
"19.12.2013","0.07720","0.07760","0.07770","0.07680","-0.52"
"20.12.2013","0.07710","0.07710","0.07740","0.07640","-0.13"
"23.12.2013","0.07700","0.07700","0.07730","0.07690","-0.13"
"24.12.2013","0.07670","0.07700","0.07710","0.07660","-0.39"
"25.12.2013","0.07680","0.07670","0.07690","0.07670","0.13"
"26.12.2013","0.07640","0.07680","0.07690","0.07630","-0.52"
"27.12.2013","0.07660","0.07640","0.07670","0.07610","0.26"
"30.12.2013","0.07650","0.07650","0.07670","0.07630","-0.13"
"31.12.2013","0.07670","0.07650","0.07680","0.07620","0.26"
"01.01.2014","0.07670","0.07670","0.07670","0.07660","0.00"
"02.01.2014","0.07600","0.07660","0.07670","0.07590","-0.91"
"03.01.2014","0.07630","0.07600","0.07660","0.07600","0.39"
"06.01.2014","0.07640","0.07630","0.07660","0.07610","0.13"
"07.01.2014","0.07680","0.07640","0.07700","0.07620","0.52"
"08.01.2014","0.07620","0.07680","0.07700","0.07610","-0.78"
"09.01.2014","0.07640","0.07610","0.07640","0.07600","0.26"
"10.01.2014","0.07710","0.07640","0.07710","0.07630","0.92"
"13.01.2014","0.07640","0.07720","0.07720","0.07640","-0.91"
"14.01.2014","0.07640","0.07640","0.07660","0.07610","0.00"
"15.01.2014","0.07580","0.07640","0.07650","0.07560","-0.79"
"16.01.2014","0.07530","0.07580","0.07580","0.07500","-0.66"
"17.01.2014","0.07550","0.07530","0.07560","0.07510","0.27"
"20.01.2014","0.07550","0.07550","0.07560","0.07530","0.00"
"21.01.2014","0.07530","0.07550","0.07560","0.07490","-0.26"
"22.01.2014","0.07510","0.07530","0.07550","0.07490","-0.27"
"23.01.2014","0.07460","0.07510","0.07520","0.07440","-0.67"
"24.01.2014","0.07430","0.07460","0.07470","0.07350","-0.40"
"27.01.2014","0.07480","0.07430","0.07500","0.07390","0.67"
"28.01.2014","0.07540","0.07480","0.07570","0.07470","0.80"
"29.01.2014","0.07460","0.07540","0.07590","0.07420","-1.06"
"30.01.2014","0.07480","0.07460","0.07530","0.07440","0.27"
"31.01.2014","0.07490","0.07480","0.07520","0.07420","0.13"
"03.02.2014","0.07380","0.07470","0.07520","0.07380","-1.47"
"04.02.2014","0.07510","0.07380","0.07510","0.07380","1.76"
"05.02.2014","0.07520","0.07500","0.07550","0.07470","0.13"
"06.02.2014","0.07530","0.07530","0.07580","0.07490","0.13"
"07.02.2014","0.07530","0.07530","0.07540","0.07460","0.00"
"10.02.2014","0.07500","0.07530","0.07530","0.07490","-0.40"
"11.02.2014","0.07530","0.07500","0.07540","0.07490","0.40"
"12.02.2014","0.07510","0.07530","0.07540","0.07490","-0.27"
"13.02.2014","0.07540","0.07500","0.07550","0.07470","0.40"
"14.02.2014","0.07550","0.07540","0.07570","0.07520","0.13"
"17.02.2014","0.07570","0.07550","0.07590","0.07540","0.26"
"18.02.2014","0.07550","0.07570","0.07590","0.07550","-0.26"
"19.02.2014","0.07500","0.07550","0.07550","0.07500","-0.66"
"20.02.2014","0.07530","0.07500","0.07540","0.07480","0.40"
"21.02.2014","0.07540","0.07530","0.07550","0.07510","0.13"
"24.02.2014","0.07540","0.07540","0.07590","0.07520","0.00"
"25.02.2014","0.07560","0.07540","0.07580","0.07530","0.27"
"26.02.2014","0.07500","0.07560","0.07560","0.07480","-0.79"
"27.02.2014","0.07540","0.07500","0.07550","0.07480","0.53"
"28.02.2014","0.07550","0.07540","0.07570","0.07520","0.13"
"03.03.2014","0.07500","0.07510","0.07540","0.07490","-0.66"
"04.03.2014","0.07530","0.07500","0.07550","0.07500","0.40"
"05.03.2014","0.07550","0.07530","0.07560","0.07520","0.27"
"06.03.2014","0.07600","0.07550","0.07620","0.07540","0.66"
"07.03.2014","0.07580","0.07600","0.07630","0.07560","-0.26"
"10.03.2014","0.07570","0.07590","0.07590","0.07550","-0.13"
"11.03.2014","0.07530","0.07570","0.07580","0.07520","-0.53"
"12.03.2014","0.07550","0.07530","0.07560","0.07510","0.27"
"13.03.2014","0.07520","0.07550","0.07590","0.07520","-0.40"
"14.03.2014","0.07570","0.07520","0.07580","0.07510","0.66"
"17.03.2014","0.07600","0.07560","0.07610","0.07550","0.40"
"18.03.2014","0.07600","0.07600","0.07610","0.07560","0.00"
"19.03.2014","0.07530","0.07600","0.07610","0.07520","-0.92"
"20.03.2014","0.07540","0.07520","0.07560","0.07500","0.13"
"21.03.2014","0.07560","0.07540","0.07580","0.07530","0.27"
"24.03.2014","0.07590","0.07560","0.07590","0.07550","0.40"
"25.03.2014","0.07630","0.07590","0.07630","0.07580","0.53"
"26.03.2014","0.07620","0.07620","0.07640","0.07610","-0.13"
"27.03.2014","0.07640","0.07620","0.07660","0.07600","0.26"
"28.03.2014","0.07650","0.07640","0.07670","0.07630","0.13"
"31.03.2014","0.07660","0.07650","0.07670","0.07640","0.13"
"01.04.2014","0.07660","0.07660","0.07690","0.07640","0.00"
"02.04.2014","0.07640","0.07660","0.07670","0.07620","-0.26"
"03.04.2014","0.07620","0.07640","0.07640","0.07610","-0.26"
"04.04.2014","0.07690","0.07620","0.07700","0.07610","0.92"
"07.04.2014","0.07690","0.07690","0.07700","0.07660","0.00"
"08.04.2014","0.07660","0.07690","0.07730","0.07660","-0.39"
"09.04.2014","0.07700","0.07660","0.07710","0.07640","0.52"
"10.04.2014","0.07660","0.07700","0.07710","0.07650","-0.52"
"11.04.2014","0.07670","0.07650","0.07680","0.07620","0.13"
"14.04.2014","0.07680","0.07670","0.07680","0.07630","0.13"
"15.04.2014","0.07640","0.07680","0.07680","0.07620","-0.52"
"16.04.2014","0.07650","0.07630","0.07680","0.07630","0.13"
"17.04.2014","0.07660","0.07650","0.07670","0.07640","0.13"
"18.04.2014","0.07670","0.07660","0.07670","0.07650","0.13"
"21.04.2014","0.07670","0.07660","0.07680","0.07640","0.00"
"22.04.2014","0.07660","0.07670","0.07680","0.07650","-0.13"
"23.04.2014","0.07650","0.07660","0.07660","0.07630","-0.13"
"24.04.2014","0.07640","0.07650","0.07660","0.07610","-0.13"
"25.04.2014","0.07620","0.07630","0.07640","0.07600","-0.26"
"28.04.2014","0.07620","0.07610","0.07630","0.07600","0.00"
"29.04.2014","0.07630","0.07620","0.07650","0.07610","0.13"
"30.04.2014","0.07650","0.07630","0.07660","0.07620","0.26"
"01.05.2014","0.07670","0.07640","0.07670","0.07630","0.26"
"02.05.2014","0.07680","0.07660","0.07710","0.07650","0.13"
"05.05.2014","0.07660","0.07680","0.07690","0.07660","-0.26"
"06.05.2014","0.07680","0.07660","0.07700","0.07650","0.26"
"07.05.2014","0.07710","0.07670","0.07720","0.07660","0.39"
"08.05.2014","0.07720","0.07710","0.07750","0.07700","0.13"
"09.05.2014","0.07720","0.07720","0.07730","0.07690","0.00"
"12.05.2014","0.07720","0.07710","0.07730","0.07710","0.00"
"13.05.2014","0.07750","0.07720","0.07750","0.07710","0.39"
"14.05.2014","0.07750","0.07750","0.07770","0.07720","0.00"
"15.05.2014","0.07720","0.07750","0.07760","0.07690","-0.39"
"16.05.2014","0.07750","0.07720","0.07760","0.07700","0.39"
"19.05.2014","0.07750","0.07740","0.07770","0.07730","0.00"
"20.05.2014","0.07750","0.07750","0.07760","0.07710","0.00"
"21.05.2014","0.07740","0.07740","0.07760","0.07730","-0.13"
"22.05.2014","0.07760","0.07730","0.07770","0.07730","0.26"
"23.05.2014","0.07780","0.07760","0.07780","0.07750","0.26"
"26.05.2014","0.07770","0.07780","0.07780","0.07770","-0.13"
"27.05.2014","0.07780","0.07770","0.07780","0.07750","0.13"
"28.05.2014","0.07770","0.07780","0.07780","0.07760","-0.13"
"29.05.2014","0.07790","0.07770","0.07800","0.07760","0.26"
"30.05.2014","0.07780","0.07790","0.07790","0.07770","-0.13"
"02.06.2014","0.07740","0.07770","0.07780","0.07730","-0.51"
"03.06.2014","0.07730","0.07740","0.07760","0.07710","-0.13"
"04.06.2014","0.07740","0.07730","0.07740","0.07710","0.13"
"05.06.2014","0.07770","0.07740","0.07770","0.07730","0.39"
"06.06.2014","0.07730","0.07770","0.07800","0.07730","-0.51"
"09.06.2014","0.07670","0.07730","0.07760","0.07670","-0.78"
"10.06.2014","0.07680","0.07670","0.07690","0.07650","0.13"
"11.06.2014","0.07690","0.07680","0.07690","0.07650","0.13"
"12.06.2014","0.07710","0.07690","0.07720","0.07670","0.26"
"13.06.2014","0.07690","0.07700","0.07710","0.07670","-0.26"
"16.06.2014","0.07660","0.07680","0.07680","0.07660","-0.39"
"17.06.2014","0.07630","0.07660","0.07670","0.07620","-0.39"
"18.06.2014","0.07700","0.07620","0.07710","0.07620","0.92"
"19.06.2014","0.07680","0.07700","0.07710","0.07670","-0.26"
"20.06.2014","0.07700","0.07680","0.07700","0.07670","0.26"
"23.06.2014","0.07680","0.07700","0.07710","0.07670","-0.26"
"24.06.2014","0.07660","0.07670","0.07690","0.07650","-0.26"
"25.06.2014","0.07690","0.07650","0.07690","0.07650","0.39"
"26.06.2014","0.07680","0.07690","0.07690","0.07660","-0.13"
"27.06.2014","0.07710","0.07680","0.07720","0.07670","0.39"
"30.06.2014","0.07710","0.07710","0.07720","0.07690","0.00"
"01.07.2014","0.07730","0.07710","0.07730","0.07700","0.26"
"02.07.2014","0.07690","0.07730","0.07730","0.07690","-0.52"
"03.07.2014","0.07720","0.07690","0.07720","0.07660","0.39"
"04.07.2014","0.07710","0.07720","0.07720","0.07700","-0.13"
"07.07.2014","0.07680","0.07700","0.07710","0.07670","-0.39"
"08.07.2014","0.07700","0.07680","0.07710","0.07670","0.26"
"09.07.2014","0.07710","0.07700","0.07720","0.07690","0.13"
"10.07.2014","0.07700","0.07710","0.07710","0.07670","-0.13"
"11.07.2014","0.07690","0.07700","0.07700","0.07690","-0.13"
"14.07.2014","0.07720","0.07690","0.07720","0.07690","0.39"
"15.07.2014","0.07720","0.07720","0.07740","0.07700","0.00"
"16.07.2014","0.07740","0.07720","0.07750","0.07720","0.26"
"17.07.2014","0.07690","0.07740","0.07750","0.07680","-0.65"
"18.07.2014","0.07720","0.07690","0.07730","0.07690","0.39"
"21.07.2014","0.07710","0.07720","0.07730","0.07700","-0.13"
"22.07.2014","0.07720","0.07710","0.07740","0.07700","0.13"
"23.07.2014","0.07730","0.07720","0.07740","0.07720","0.13"
"24.07.2014","0.07720","0.07730","0.07740","0.07710","-0.13"
"25.07.2014","0.07730","0.07710","0.07730","0.07710","0.13"
"28.07.2014","0.07690","0.07720","0.07730","0.07690","-0.52"
"29.07.2014","0.07650","0.07690","0.07690","0.07650","-0.52"
"30.07.2014","0.07600","0.07650","0.07660","0.07580","-0.65"
"31.07.2014","0.07570","0.07600","0.07610","0.07550","-0.39"
"01.08.2014","0.07590","0.07570","0.07600","0.07540","0.26"
"04.08.2014","0.07580","0.07580","0.07590","0.07560","-0.13"
"05.08.2014","0.07520","0.07580","0.07590","0.07520","-0.79"
"06.08.2014","0.07560","0.07520","0.07560","0.07500","0.53"
"07.08.2014","0.07530","0.07560","0.07570","0.07510","-0.40"
"08.08.2014","0.07550","0.07530","0.07560","0.07510","0.27"
"11.08.2014","0.07590","0.07550","0.07600","0.07540","0.53"
"12.08.2014","0.07610","0.07590","0.07610","0.07570","0.26"
"13.08.2014","0.07610","0.07610","0.07640","0.07600","0.00"
"14.08.2014","0.07650","0.07610","0.07660","0.07610","0.53"
"15.08.2014","0.07650","0.07650","0.07670","0.07620","0.00"
"18.08.2014","0.07660","0.07650","0.07670","0.07650","0.13"
"19.08.2014","0.07660","0.07660","0.07670","0.07650","0.00"
"20.08.2014","0.07610","0.07660","0.07670","0.07610","-0.65"
"21.08.2014","0.07630","0.07610","0.07650","0.07610","0.26"
"22.08.2014","0.07610","0.07630","0.07630","0.07600","-0.26"
"25.08.2014","0.07600","0.07610","0.07620","0.07600","-0.13"
"26.08.2014","0.07630","0.07600","0.07640","0.07590","0.39"
"27.08.2014","0.07640","0.07640","0.07660","0.07630","0.13"
"28.08.2014","0.07640","0.07640","0.07650","0.07620","0.00"
"29.08.2014","0.07640","0.07640","0.07670","0.07630","0.00"
"01.09.2014","0.07630","0.07640","0.07650","0.07630","-0.13"
"02.09.2014","0.07630","0.07640","0.07640","0.07600","0.00"
"03.09.2014","0.07630","0.07630","0.07650","0.07620","0.00"
"04.09.2014","0.07610","0.07630","0.07660","0.07600","-0.26"
"05.09.2014","0.07670","0.07600","0.07680","0.07600","0.79"
"08.09.2014","0.07610","0.07670","0.07680","0.07610","-0.78"
"09.09.2014","0.07570","0.07610","0.07610","0.07550","-0.53"
"10.09.2014","0.07580","0.07570","0.07590","0.07540","0.13"
"11.09.2014","0.07560","0.07580","0.07590","0.07550","-0.26"
"12.09.2014","0.07550","0.07560","0.07560","0.07520","-0.13"
"15.09.2014","0.07560","0.07540","0.07580","0.07530","0.13"
"16.09.2014","0.07600","0.07560","0.07620","0.07540","0.53"
"17.09.2014","0.07550","0.07600","0.07610","0.07540","-0.66"
"18.09.2014","0.07560","0.07550","0.07570","0.07540","0.13"
"19.09.2014","0.07570","0.07550","0.07590","0.07540","0.13"
"22.09.2014","0.07530","0.07570","0.07570","0.07520","-0.53"
"23.09.2014","0.07510","0.07530","0.07560","0.07510","-0.27"
"24.09.2014","0.07530","0.07510","0.07540","0.07500","0.27"
"25.09.2014","0.07470","0.07530","0.07530","0.07460","-0.80"
"26.09.2014","0.07440","0.07470","0.07480","0.07420","-0.40"
"29.09.2014","0.07410","0.07440","0.07440","0.07380","-0.40"
"30.09.2014","0.07450","0.07410","0.07460","0.07400","0.54"
"01.10.2014","0.07430","0.07450","0.07460","0.07420","-0.27"
"02.10.2014","0.07470","0.07430","0.07490","0.07420","0.54"
"03.10.2014","0.07410","0.07470","0.07490","0.07400","-0.80"
"06.10.2014","0.07460","0.07410","0.07490","0.07410","0.67"
"07.10.2014","0.07420","0.07460","0.07470","0.07420","-0.54"
"08.10.2014","0.07500","0.07420","0.07520","0.07400","1.08"
"09.10.2014","0.07440","0.07500","0.07530","0.07440","-0.80"
"10.10.2014","0.07420","0.07440","0.07470","0.07410","-0.27"
"13.10.2014","0.07440","0.07420","0.07470","0.07420","0.27"
"14.10.2014","0.07440","0.07430","0.07470","0.07410","0.00"
"15.10.2014","0.07390","0.07440","0.07450","0.07340","-0.67"
"16.10.2014","0.07380","0.07390","0.07400","0.07310","-0.14"
"17.10.2014","0.07400","0.07370","0.07420","0.07370","0.27"
"20.10.2014","0.07390","0.07390","0.07400","0.07380","-0.14"
"21.10.2014","0.07390","0.07390","0.07420","0.07370","0.00"
"22.10.2014","0.07380","0.07380","0.07400","0.07370","-0.14"
"23.10.2014","0.07370","0.07370","0.07410","0.07370","-0.14"
"24.10.2014","0.07380","0.07370","0.07400","0.07370","0.14"
"27.10.2014","0.07390","0.07380","0.07390","0.07330","0.14"
"28.10.2014","0.07440","0.07380","0.07450","0.07370","0.68"
"29.10.2014","0.07410","0.07440","0.07460","0.07400","-0.40"
"30.10.2014","0.07440","0.07410","0.07450","0.07400","0.40"
"31.10.2014","0.07420","0.07440","0.07460","0.07410","-0.27"
"03.11.2014","0.07350","0.07420","0.07430","0.07340","-0.94"
"04.11.2014","0.07380","0.07350","0.07390","0.07310","0.41"
"05.11.2014","0.07370","0.07380","0.07380","0.07320","-0.14"
"06.11.2014","0.07330","0.07370","0.07380","0.07320","-0.54"
"07.11.2014","0.07390","0.07330","0.07400","0.07320","0.82"
"10.11.2014","0.07350","0.07380","0.07400","0.07340","-0.54"
"11.11.2014","0.07350","0.07350","0.07370","0.07330","0.00"
"12.11.2014","0.07380","0.07350","0.07380","0.07340","0.41"
"13.11.2014","0.07350","0.07380","0.07380","0.07330","-0.41"
"14.11.2014","0.07390","0.07350","0.07410","0.07330","0.54"
"17.11.2014","0.07360","0.07390","0.07390","0.07350","-0.41"
"18.11.2014","0.07380","0.07360","0.07390","0.07360","0.27"
"19.11.2014","0.07340","0.07370","0.07380","0.07330","-0.54"
"20.11.2014","0.07330","0.07340","0.07360","0.07320","-0.14"
"21.11.2014","0.07340","0.07320","0.07360","0.07310","0.14"
"24.11.2014","0.07320","0.07330","0.07350","0.07320","-0.27"
"25.11.2014","0.07310","0.07320","0.07340","0.07300","-0.14"
"26.11.2014","0.07290","0.07310","0.07320","0.07260","-0.27"
"27.11.2014","0.07270","0.07280","0.07300","0.07250","-0.27"
"28.11.2014","0.07180","0.07260","0.07270","0.07160","-1.24"
"01.12.2014","0.07150","0.07180","0.07210","0.07140","-0.42"
"02.12.2014","0.07090","0.07140","0.07160","0.07070","-0.84"
"03.12.2014","0.07090","0.07090","0.07110","0.07070","0.00"
"04.12.2014","0.07060","0.07090","0.07100","0.07060","-0.42"
"05.12.2014","0.06960","0.07060","0.07070","0.06920","-1.42"
"08.12.2014","0.06950","0.06960","0.07000","0.06910","-0.14"
"09.12.2014","0.06930","0.06950","0.06970","0.06930","-0.29"
"10.12.2014","0.06870","0.06930","0.06950","0.06860","-0.87"
"11.12.2014","0.06770","0.06870","0.06900","0.06750","-1.46"
"12.12.2014","0.06770","0.06760","0.06820","0.06690","0.00"
"15.12.2014","0.06780","0.06780","0.06800","0.06750","0.15"
"16.12.2014","0.06780","0.06780","0.06820","0.06720","0.00"
"17.12.2014","0.06870","0.06780","0.06960","0.06760","1.33"
"18.12.2014","0.06860","0.06860","0.06920","0.06850","-0.15"
"19.12.2014","0.06850","0.06860","0.06890","0.06800","-0.15"
"22.12.2014","0.06850","0.06850","0.06850","0.06850","0.00"
"23.12.2014","0.06780","0.06850","0.06870","0.06760","-1.02"
"24.12.2014","0.06800","0.06770","0.06810","0.06760","0.29"
"25.12.2014","0.06790","0.06790","0.06790","0.06790","-0.15"
"26.12.2014","0.06800","0.06790","0.06820","0.06780","0.15"
"29.12.2014","0.06770","0.06790","0.06810","0.06760","-0.44"
"30.12.2014","0.06790","0.06770","0.06790","0.06750","0.30"
"31.12.2014","0.06780","0.06780","0.06810","0.06770","-0.15"
"01.01.2015","0.06780","0.06770","0.06780","0.06770","0.00"
"02.01.2015","0.06740","0.06780","0.06780","0.06720","-0.59"
"05.01.2015","0.06690","0.06750","0.06750","0.06670","-0.74"
"06.01.2015","0.06710","0.06690","0.06750","0.06670","0.30"
"07.01.2015","0.06800","0.06710","0.06810","0.06700","1.34"
"08.01.2015","0.06820","0.06800","0.06850","0.06780","0.29"
"09.01.2015","0.06850","0.06820","0.06870","0.06800","0.44"
"12.01.2015","0.06830","0.06860","0.06860","0.06810","-0.29"
"13.01.2015","0.06840","0.06820","0.06880","0.06810","0.15"
"14.01.2015","0.06900","0.06840","0.06910","0.06800","0.88"
"15.01.2015","0.06820","0.06900","0.06930","0.06810","-1.16"
"16.01.2015","0.06870","0.06820","0.06870","0.06800","0.73"
"19.01.2015","0.06840","0.06860","0.06860","0.06810","-0.44"
"20.01.2015","0.06820","0.06840","0.06860","0.06810","-0.29"
"21.01.2015","0.06780","0.06820","0.06850","0.06760","-0.59"
"22.01.2015","0.06830","0.06780","0.06860","0.06760","0.74"
"23.01.2015","0.06820","0.06830","0.06850","0.06780","-0.15"
"26.01.2015","0.06860","0.06810","0.06870","0.06800","0.59"
"27.01.2015","0.06840","0.06860","0.06870","0.06830","-0.29"
"28.01.2015","0.06780","0.06840","0.06840","0.06770","-0.88"
"29.01.2015","0.06760","0.06780","0.06790","0.06710","-0.29"
"30.01.2015","0.06670","0.06760","0.06770","0.06640","-1.33"
"02.02.2015","0.06730","0.06680","0.06730","0.06670","0.90"
"03.02.2015","0.06820","0.06720","0.06830","0.06710","1.34"
"04.02.2015","0.06720","0.06820","0.06830","0.06710","-1.47"
"05.02.2015","0.06760","0.06710","0.06790","0.06710","0.60"
"06.02.2015","0.06730","0.06760","0.06790","0.06680","-0.44"
"09.02.2015","0.06740","0.06730","0.06770","0.06720","0.15"
"10.02.2015","0.06690","0.06740","0.06760","0.06670","-0.74"
"11.02.2015","0.06630","0.06680","0.06700","0.06600","-0.90"
"12.02.2015","0.06700","0.06630","0.06730","0.06620","1.06"
"13.02.2015","0.06720","0.06700","0.06740","0.06660","0.30"
"16.02.2015","0.06700","0.06700","0.06740","0.06690","-0.30"
"17.02.2015","0.06700","0.06700","0.06750","0.06700","0.00"
"18.02.2015","0.06730","0.06700","0.06740","0.06680","0.45"
"19.02.2015","0.06670","0.06730","0.06730","0.06650","-0.89"
"20.02.2015","0.06650","0.06660","0.06680","0.06620","-0.30"
"23.02.2015","0.06630","0.06640","0.06660","0.06610","-0.30"
"24.02.2015","0.06710","0.06630","0.06730","0.06600","1.21"
"25.02.2015","0.06700","0.06700","0.06730","0.06690","-0.15"
"26.02.2015","0.06670","0.06690","0.06750","0.06660","-0.45"
"27.02.2015","0.06690","0.06670","0.06710","0.06650","0.30"
"02.03.2015","0.06660","0.06690","0.06700","0.06650","-0.45"
"03.03.2015","0.06670","0.06660","0.06700","0.06640","0.15"
"04.03.2015","0.06640","0.06670","0.06670","0.06610","-0.45"
"05.03.2015","0.06580","0.06640","0.06650","0.06550","-0.90"
"06.03.2015","0.06450","0.06580","0.06590","0.06440","-1.98"
"09.03.2015","0.06460","0.06450","0.06490","0.06440","0.16"
"10.03.2015","0.06400","0.06460","0.06470","0.06390","-0.93"
"11.03.2015","0.06450","0.06400","0.06490","0.06380","0.78"
"12.03.2015","0.06500","0.06450","0.06520","0.06450","0.78"
"13.03.2015","0.06460","0.06490","0.06500","0.06420","-0.62"
"16.03.2015","0.06490","0.06460","0.06500","0.06440","0.46"
"17.03.2015","0.06510","0.06480","0.06510","0.06470","0.31"
"18.03.2015","0.06630","0.06500","0.06670","0.06470","1.84"
"19.03.2015","0.06550","0.06620","0.06630","0.06510","-1.21"
"20.03.2015","0.06640","0.06540","0.06680","0.06540","1.37"
"23.03.2015","0.06700","0.06640","0.06700","0.06630","0.90"
"24.03.2015","0.06690","0.06700","0.06720","0.06660","-0.15"
"25.03.2015","0.06670","0.06690","0.06730","0.06660","-0.30"
"26.03.2015","0.06610","0.06670","0.06690","0.06590","-0.90"
"27.03.2015","0.06560","0.06610","0.06620","0.06560","-0.76"
"30.03.2015","0.06550","0.06560","0.06580","0.06540","-0.15"
"31.03.2015","0.06550","0.06550","0.06570","0.06510","0.00"
"01.04.2015","0.06600","0.06550","0.06620","0.06530","0.76"
"02.04.2015","0.06670","0.06600","0.06670","0.06590","1.06"
"03.04.2015","0.06750","0.06660","0.06770","0.06650","1.20"
"06.04.2015","0.06700","0.06750","0.06780","0.06690","-0.74"
"07.04.2015","0.06700","0.06700","0.06730","0.06690","0.00"
"08.04.2015","0.06710","0.06700","0.06740","0.06680","0.15"
"09.04.2015","0.06630","0.06710","0.06720","0.06620","-1.19"
"10.04.2015","0.06570","0.06620","0.06640","0.06560","-0.90"
"13.04.2015","0.06500","0.06560","0.06570","0.06490","-1.07"
"14.04.2015","0.06550","0.06500","0.06580","0.06490","0.77"
"15.04.2015","0.06550","0.06550","0.06580","0.06480","0.00"
"16.04.2015","0.06590","0.06550","0.06620","0.06520","0.61"
"17.04.2015","0.06520","0.06590","0.06620","0.06500","-1.06"
"20.04.2015","0.06470","0.06530","0.06550","0.06460","-0.77"
"21.04.2015","0.06480","0.06470","0.06510","0.06450","0.15"
"22.04.2015","0.06480","0.06480","0.06520","0.06460","0.00"
"23.04.2015","0.06510","0.06470","0.06540","0.06460","0.46"
"24.04.2015","0.06500","0.06510","0.06540","0.06470","-0.15"
"27.04.2015","0.06510","0.06500","0.06540","0.06480","0.15"
"28.04.2015","0.06560","0.06510","0.06580","0.06490","0.77"
"29.04.2015","0.06570","0.06550","0.06600","0.06530","0.15"
"30.04.2015","0.06520","0.06570","0.06580","0.06490","-0.76"
"01.05.2015","0.06420","0.06510","0.06520","0.06410","-1.53"
"04.05.2015","0.06470","0.06410","0.06480","0.06410","0.78"
"05.05.2015","0.06520","0.06470","0.06550","0.06460","0.77"
"06.05.2015","0.06510","0.06520","0.06560","0.06500","-0.15"
"07.05.2015","0.06530","0.06510","0.06550","0.06480","0.31"
"08.05.2015","0.06610","0.06530","0.06620","0.06520","1.23"
"11.05.2015","0.06510","0.06610","0.06620","0.06510","-1.51"
"12.05.2015","0.06520","0.06510","0.06540","0.06480","0.15"
"13.05.2015","0.06550","0.06520","0.06600","0.06520","0.46"
"14.05.2015","0.06620","0.06550","0.06640","0.06540","1.07"
"15.05.2015","0.06660","0.06620","0.06670","0.06600","0.60"
"18.05.2015","0.06620","0.06660","0.06660","0.06600","-0.60"
"19.05.2015","0.06590","0.06610","0.06630","0.06560","-0.45"
"20.05.2015","0.06580","0.06580","0.06610","0.06560","-0.15"
"21.05.2015","0.06570","0.06580","0.06610","0.06550","-0.15"
"22.05.2015","0.06550","0.06570","0.06590","0.06520","-0.30"
"25.05.2015","0.06550","0.06560","0.06560","0.06540","0.00"
"26.05.2015","0.06540","0.06550","0.06560","0.06510","-0.15"
"27.05.2015","0.06540","0.06540","0.06560","0.06490","0.00"
"28.05.2015","0.06530","0.06540","0.06550","0.06490","-0.15"
"29.05.2015","0.06500","0.06530","0.06530","0.06480","-0.46"
"01.06.2015","0.06460","0.06500","0.06500","0.06430","-0.62"
"02.06.2015","0.06480","0.06460","0.06500","0.06450","0.31"
"03.06.2015","0.06440","0.06480","0.06490","0.06430","-0.62"
"04.06.2015","0.06440","0.06440","0.06460","0.06410","0.00"
"05.06.2015","0.06370","0.06440","0.06440","0.06340","-1.09"
"08.06.2015","0.06400","0.06370","0.06410","0.06340","0.47"
"09.06.2015","0.06420","0.06400","0.06440","0.06380","0.31"
"10.06.2015","0.06480","0.06420","0.06490","0.06410","0.93"
"11.06.2015","0.06520","0.06480","0.06520","0.06420","0.62"
"12.06.2015","0.06490","0.06510","0.06520","0.06470","-0.46"
"15.06.2015","0.06480","0.06490","0.06490","0.06470","-0.15"
"16.06.2015","0.06500","0.06480","0.06500","0.06460","0.31"
"17.06.2015","0.06550","0.06500","0.06560","0.06480","0.77"
"18.06.2015","0.06520","0.06550","0.06590","0.06500","-0.46"
"19.06.2015","0.06520","0.06520","0.06540","0.06500","0.00"
"22.06.2015","0.06520","0.06510","0.06550","0.06510","0.00"
"23.06.2015","0.06490","0.06520","0.06530","0.06470","-0.46"
"24.06.2015","0.06450","0.06490","0.06510","0.06450","-0.62"
"25.06.2015","0.06460","0.06450","0.06470","0.06440","0.16"
"26.06.2015","0.06430","0.06460","0.06460","0.06410","-0.46"
"29.06.2015","0.06370","0.06400","0.06410","0.06360","-0.93"
"30.06.2015","0.06350","0.06370","0.06400","0.06350","-0.31"
"01.07.2015","0.06340","0.06360","0.06370","0.06320","-0.16"
"02.07.2015","0.06380","0.06340","0.06390","0.06310","0.63"
"03.07.2015","0.06360","0.06380","0.06390","0.06340","-0.31"
"06.07.2015","0.06360","0.06340","0.06370","0.06300","0.00"
"07.07.2015","0.06330","0.06360","0.06370","0.06300","-0.47"
"08.07.2015","0.06310","0.06330","0.06340","0.06300","-0.32"
"09.07.2015","0.06320","0.06310","0.06360","0.06310","0.16"
"10.07.2015","0.06360","0.06320","0.06380","0.06320","0.63"
"13.07.2015","0.06370","0.06360","0.06370","0.06320","0.16"
"14.07.2015","0.06380","0.06370","0.06400","0.06340","0.16"
"15.07.2015","0.06340","0.06380","0.06390","0.06320","-0.63"
"16.07.2015","0.06320","0.06340","0.06340","0.06310","-0.32"
"17.07.2015","0.06280","0.06320","0.06330","0.06270","-0.63"
"20.07.2015","0.06250","0.06280","0.06290","0.06230","-0.48"
"21.07.2015","0.06250","0.06240","0.06270","0.06240","0.00"
"22.07.2015","0.06210","0.06240","0.06250","0.06190","-0.64"
"23.07.2015","0.06170","0.06210","0.06240","0.06160","-0.64"
"24.07.2015","0.06150","0.06170","0.06180","0.06130","-0.32"
"27.07.2015","0.06140","0.06150","0.06170","0.06110","-0.16"
"28.07.2015","0.06140","0.06130","0.06170","0.06120","0.00"
"29.07.2015","0.06140","0.06140","0.06190","0.06130","0.00"
"30.07.2015","0.06150","0.06140","0.06170","0.06060","0.16"
"31.07.2015","0.06210","0.06140","0.06250","0.06130","0.98"
"03.08.2015","0.06180","0.06210","0.06220","0.06180","-0.48"
"04.08.2015","0.06140","0.06180","0.06210","0.06130","-0.65"
"05.08.2015","0.06110","0.06140","0.06160","0.06090","-0.49"
"06.08.2015","0.06130","0.06110","0.06130","0.06090","0.33"
"07.08.2015","0.06190","0.06120","0.06210","0.06110","0.98"
"10.08.2015","0.06190","0.06190","0.06210","0.06140","0.00"
"11.08.2015","0.06130","0.06190","0.06190","0.06110","-0.97"
"12.08.2015","0.06140","0.06130","0.06180","0.06100","0.16"
"13.08.2015","0.06100","0.06140","0.06160","0.06090","-0.65"
"14.08.2015","0.06110","0.06090","0.06120","0.06090","0.16"
"17.08.2015","0.06090","0.06110","0.06110","0.06060","-0.33"
"18.08.2015","0.06100","0.06090","0.06110","0.06070","0.16"
"19.08.2015","0.06020","0.06100","0.06110","0.06010","-1.31"
"20.08.2015","0.05950","0.06020","0.06030","0.05940","-1.16"
"21.08.2015","0.05890","0.05940","0.05960","0.05880","-1.01"
"24.08.2015","0.05810","0.05880","0.05890","0.05790","-1.36"
"25.08.2015","0.05810","0.05810","0.05920","0.05800","0.00"
"26.08.2015","0.05880","0.05810","0.05890","0.05780","1.20"
"27.08.2015","0.05920","0.05880","0.05960","0.05860","0.68"
"28.08.2015","0.05970","0.05920","0.05990","0.05900","0.84"
"31.08.2015","0.05970","0.05970","0.06000","0.05910","0.00"
"01.09.2015","0.05890","0.05970","0.05980","0.05880","-1.34"
"02.09.2015","0.05940","0.05890","0.05950","0.05880","0.85"
"03.09.2015","0.05950","0.05940","0.05970","0.05900","0.17"
"04.09.2015","0.05900","0.05950","0.05960","0.05900","-0.84"
"07.09.2015","0.05890","0.05900","0.05920","0.05870","-0.17"
"08.09.2015","0.05940","0.05880","0.05970","0.05880","0.85"
"09.09.2015","0.05940","0.05940","0.05980","0.05930","0.00"
"10.09.2015","0.05960","0.05940","0.05990","0.05880","0.34"
"11.09.2015","0.05940","0.05950","0.05980","0.05920","-0.34"
"14.09.2015","0.05970","0.05940","0.05980","0.05930","0.51"
"15.09.2015","0.05990","0.05970","0.06000","0.05950","0.34"
"16.09.2015","0.06040","0.05990","0.06050","0.05980","0.83"
"17.09.2015","0.06020","0.06040","0.06110","0.06010","-0.33"
"18.09.2015","0.06000","0.06020","0.06090","0.06000","-0.33"
"21.09.2015","0.06000","0.06010","0.06040","0.05970","0.00"
"22.09.2015","0.05920","0.06000","0.06010","0.05910","-1.33"
"23.09.2015","0.05840","0.05920","0.05940","0.05830","-1.35"
"24.09.2015","0.05930","0.05840","0.05950","0.05760","1.54"
"25.09.2015","0.05890","0.05930","0.05990","0.05870","-0.67"
"28.09.2015","0.05860","0.05890","0.05910","0.05840","-0.51"
"29.09.2015","0.05870","0.05860","0.05900","0.05830","0.17"
"30.09.2015","0.05910","0.05870","0.05930","0.05860","0.68"
"01.10.2015","0.05910","0.05910","0.05960","0.05900","0.00"
"02.10.2015","0.05970","0.05910","0.05980","0.05870","1.02"
"05.10.2015","0.05950","0.05960","0.06030","0.05950","-0.34"
"06.10.2015","0.06010","0.05960","0.06010","0.05930","1.01"
"07.10.2015","0.06010","0.06000","0.06060","0.05990","0.00"
"08.10.2015","0.06080","0.06000","0.06080","0.05990","1.16"
"09.10.2015","0.06090","0.06070","0.06110","0.06060","0.16"
"12.10.2015","0.06080","0.06090","0.06100","0.06060","-0.16"
"13.10.2015","0.06000","0.06070","0.06080","0.06000","-1.32"
"14.10.2015","0.06070","0.06000","0.06080","0.06000","1.17"
"15.10.2015","0.06100","0.06070","0.06120","0.06060","0.49"
"16.10.2015","0.06090","0.06100","0.06120","0.06060","-0.16"
"19.10.2015","0.06060","0.06090","0.06110","0.06050","-0.49"
"20.10.2015","0.06040","0.06060","0.06080","0.06020","-0.33"
"21.10.2015","0.06000","0.06040","0.06040","0.05980","-0.66"
"22.10.2015","0.06070","0.06000","0.06070","0.06000","1.17"
"23.10.2015","0.06030","0.06070","0.06100","0.06020","-0.66"
"26.10.2015","0.06050","0.06020","0.06070","0.06020","0.33"
"27.10.2015","0.06040","0.06050","0.06060","0.06020","-0.17"
"28.10.2015","0.06010","0.06040","0.06090","0.06000","-0.50"
"29.10.2015","0.06010","0.06010","0.06030","0.05990","0.00"
"30.10.2015","0.06060","0.06010","0.06070","0.06010","0.83"
"02.11.2015","0.06080","0.06060","0.06080","0.06050","0.33"
"03.11.2015","0.06100","0.06080","0.06110","0.06050","0.33"
"04.11.2015","0.06050","0.06100","0.06110","0.06040","-0.82"
"05.11.2015","0.06020","0.06040","0.06060","0.06010","-0.50"
"06.11.2015","0.05950","0.06020","0.06030","0.05920","-1.16"
"09.11.2015","0.05960","0.05940","0.05970","0.05910","0.17"
"10.11.2015","0.05970","0.05960","0.05980","0.05930","0.17"
"11.11.2015","0.05980","0.05970","0.06000","0.05960","0.17"
"12.11.2015","0.05980","0.05980","0.05990","0.05940","0.00"
"13.11.2015","0.05990","0.05970","0.06000","0.05950","0.17"
"16.11.2015","0.05960","0.05990","0.06000","0.05940","-0.50"
"17.11.2015","0.05980","0.05960","0.05990","0.05950","0.34"
"18.11.2015","0.05970","0.05980","0.05990","0.05940","-0.17"
"19.11.2015","0.06020","0.05970","0.06040","0.05970","0.84"
"20.11.2015","0.06050","0.06020","0.06080","0.06000","0.50"
"23.11.2015","0.06040","0.06050","0.06070","0.06010","-0.17"
"24.11.2015","0.06050","0.06040","0.06080","0.06030","0.17"
"25.11.2015","0.06060","0.06050","0.06070","0.06030","0.17"
"26.11.2015","0.06040","0.06060","0.06060","0.06030","-0.33"
"27.11.2015","0.06020","0.06040","0.06050","0.06010","-0.33"
"30.11.2015","0.06030","0.06010","0.06040","0.06010","0.17"
"01.12.2015","0.06050","0.06030","0.06070","0.06030","0.33"
"02.12.2015","0.06040","0.06050","0.06060","0.06010","-0.17"
"03.12.2015","0.05980","0.06030","0.06050","0.05970","-0.99"
"04.12.2015","0.06000","0.05980","0.06010","0.05960","0.33"
"07.12.2015","0.05920","0.06000","0.06000","0.05890","-1.33"
"08.12.2015","0.05870","0.05920","0.05920","0.05850","-0.84"
"09.12.2015","0.05860","0.05870","0.05910","0.05850","-0.17"
"10.12.2015","0.05820","0.05860","0.05870","0.05810","-0.68"
"11.12.2015","0.05750","0.05810","0.05820","0.05730","-1.20"
"14.12.2015","0.05780","0.05770","0.05780","0.05720","0.52"
"15.12.2015","0.05840","0.05770","0.05850","0.05760","1.04"
"16.12.2015","0.05890","0.05840","0.05920","0.05810","0.86"
"17.12.2015","0.05870","0.05890","0.05910","0.05830","-0.34"
"18.12.2015","0.05830","0.05860","0.05900","0.05830","-0.68"
"21.12.2015","0.05830","0.05830","0.05870","0.05800","0.00"
"22.12.2015","0.05820","0.05820","0.05850","0.05800","-0.17"
"23.12.2015","0.05810","0.05810","0.05830","0.05790","-0.17"
"24.12.2015","0.05810","0.05800","0.05810","0.05770","0.00"
"25.12.2015","0.05800","0.05800","0.05810","0.05800","-0.17"
"28.12.2015","0.05800","0.05800","0.05800","0.05770","0.00"
"29.12.2015","0.05800","0.05800","0.05830","0.05790","0.00"
"30.12.2015","0.05750","0.05790","0.05800","0.05740","-0.86"
"31.12.2015","0.05820","0.05750","0.05820","0.05740","1.22"
"01.01.2016","0.05820","0.05820","0.05820","0.05820","0.00"
"04.01.2016","0.05780","0.05810","0.05820","0.05750","-0.69"
"05.01.2016","0.05770","0.05770","0.05790","0.05750","-0.17"
"06.01.2016","0.05700","0.05760","0.05770","0.05690","-1.21"
"07.01.2016","0.05600","0.05700","0.05710","0.05600","-1.75"
"08.01.2016","0.05580","0.05600","0.05650","0.05560","-0.36"
"11.01.2016","0.05590","0.05580","0.05620","0.05550","0.18"
"12.01.2016","0.05590","0.05590","0.05640","0.05560","0.00"
"13.01.2016","0.05570","0.05590","0.05630","0.05570","-0.36"
"14.01.2016","0.05590","0.05570","0.05600","0.05550","0.36"
"15.01.2016","0.05480","0.05590","0.05600","0.05450","-1.97"
"18.01.2016","0.05490","0.05470","0.05510","0.05460","0.18"
"19.01.2016","0.05470","0.05490","0.05540","0.05460","-0.36"
"20.01.2016","0.05400","0.05470","0.05480","0.05350","-1.28"
"21.01.2016","0.05340","0.05390","0.05430","0.05320","-1.11"
"22.01.2016","0.05420","0.05340","0.05450","0.05330","1.50"
"25.01.2016","0.05370","0.05420","0.05430","0.05360","-0.92"
"26.01.2016","0.05420","0.05370","0.05440","0.05350","0.93"
"27.01.2016","0.05410","0.05410","0.05450","0.05390","-0.18"
"28.01.2016","0.05460","0.05410","0.05500","0.05410","0.92"
"29.01.2016","0.05520","0.05450","0.05530","0.05450","1.10"
"01.02.2016","0.05480","0.05520","0.05520","0.05430","-0.72"
"02.02.2016","0.05410","0.05480","0.05490","0.05390","-1.28"
"03.02.2016","0.05500","0.05410","0.05510","0.05370","1.66"
"04.02.2016","0.05470","0.05500","0.05550","0.05450","-0.55"
"05.02.2016","0.05420","0.05470","0.05510","0.05410","-0.91"
"08.02.2016","0.05360","0.05420","0.05440","0.05320","-1.11"
"09.02.2016","0.05320","0.05350","0.05370","0.05280","-0.75"
"10.02.2016","0.05280","0.05320","0.05370","0.05270","-0.75"
"11.02.2016","0.05220","0.05280","0.05290","0.05140","-1.14"
"12.02.2016","0.05290","0.05220","0.05300","0.05200","1.34"
"15.02.2016","0.05310","0.05280","0.05330","0.05270","0.38"
"16.02.2016","0.05300","0.05310","0.05340","0.05290","-0.19"
"17.02.2016","0.05450","0.05290","0.05570","0.05280","2.83"
"18.02.2016","0.05470","0.05440","0.05540","0.05430","0.37"
"19.02.2016","0.05490","0.05460","0.05510","0.05440","0.37"
"22.02.2016","0.05530","0.05480","0.05560","0.05480","0.73"
"23.02.2016","0.05490","0.05530","0.05540","0.05480","-0.72"
"24.02.2016","0.05490","0.05490","0.05510","0.05440","0.00"
"25.02.2016","0.05520","0.05490","0.05530","0.05480","0.55"
"26.02.2016","0.05470","0.05520","0.05560","0.05470","-0.91"
"29.02.2016","0.05510","0.05470","0.05550","0.05460","0.73"
"01.03.2016","0.05580","0.05510","0.05600","0.05500","1.27"
"02.03.2016","0.05610","0.05580","0.05620","0.05560","0.54"
"03.03.2016","0.05580","0.05610","0.05620","0.05550","-0.53"
"04.03.2016","0.05630","0.05580","0.05640","0.05560","0.90"
"07.03.2016","0.05630","0.05630","0.05650","0.05590","0.00"
"08.03.2016","0.05570","0.05630","0.05640","0.05570","-1.07"
"09.03.2016","0.05640","0.05570","0.05650","0.05570","1.26"
"10.03.2016","0.05610","0.05640","0.05680","0.05570","-0.53"
"11.03.2016","0.05650","0.05600","0.05660","0.05600","0.71"
"14.03.2016","0.05630","0.05650","0.05650","0.05610","-0.35"
"15.03.2016","0.05590","0.05630","0.05640","0.05560","-0.71"
"16.03.2016","0.05680","0.05590","0.05690","0.05560","1.61"
"17.03.2016","0.05770","0.05680","0.05780","0.05670","1.58"
"18.03.2016","0.05750","0.05780","0.05800","0.05730","-0.35"
"21.03.2016","0.05740","0.05750","0.05770","0.05720","-0.17"
"22.03.2016","0.05770","0.05740","0.05780","0.05700","0.52"
"23.03.2016","0.05690","0.05770","0.05770","0.05680","-1.39"
"24.03.2016","0.05680","0.05680","0.05690","0.05650","-0.18"
"25.03.2016","0.05700","0.05680","0.05710","0.05670","0.35"
"28.03.2016","0.05740","0.05690","0.05740","0.05680","0.70"
"29.03.2016","0.05770","0.05730","0.05790","0.05700","0.52"
"30.03.2016","0.05800","0.05760","0.05830","0.05760","0.52"
"31.03.2016","0.05790","0.05800","0.05850","0.05750","-0.17"
"01.04.2016","0.05770","0.05790","0.05800","0.05720","-0.35"
"04.04.2016","0.05720","0.05770","0.05780","0.05710","-0.87"
"05.04.2016","0.05650","0.05720","0.05720","0.05620","-1.22"
"06.04.2016","0.05660","0.05650","0.05670","0.05600","0.18"
"07.04.2016","0.05590","0.05660","0.05680","0.05570","-1.24"
"08.04.2016","0.05630","0.05590","0.05650","0.05590","0.72"
"11.04.2016","0.05670","0.05620","0.05690","0.05610","0.71"
"12.04.2016","0.05720","0.05670","0.05730","0.05650","0.88"
"13.04.2016","0.05740","0.05720","0.05740","0.05690","0.35"
"14.04.2016","0.05730","0.05740","0.05770","0.05690","-0.17"
"15.04.2016","0.05690","0.05730","0.05750","0.05680","-0.70"
"18.04.2016","0.05730","0.05700","0.05740","0.05630","0.70"
"19.04.2016","0.05780","0.05730","0.05800","0.05730","0.87"
"20.04.2016","0.05790","0.05780","0.05820","0.05750","0.17"
"21.04.2016","0.05730","0.05780","0.05800","0.05700","-1.04"
"22.04.2016","0.05720","0.05720","0.05760","0.05710","-0.17"
"25.04.2016","0.05690","0.05740","0.05740","0.05670","-0.52"
"26.04.2016","0.05760","0.05690","0.05770","0.05680","1.23"
"27.04.2016","0.05770","0.05760","0.05790","0.05720","0.17"
"28.04.2016","0.05790","0.05770","0.05820","0.05740","0.35"
"29.04.2016","0.05820","0.05790","0.05870","0.05790","0.52"
"02.05.2016","0.05810","0.05820","0.05840","0.05790","-0.17"
"03.05.2016","0.05680","0.05810","0.05830","0.05670","-2.24"
"04.05.2016","0.05620","0.05670","0.05680","0.05600","-1.06"
"05.05.2016","0.05590","0.05610","0.05670","0.05580","-0.53"
"06.05.2016","0.05590","0.05590","0.05620","0.05500","0.00"
"09.05.2016","0.05490","0.05590","0.05610","0.05490","-1.79"
"10.05.2016","0.05560","0.05490","0.05570","0.05490","1.28"
"11.05.2016","0.05560","0.05560","0.05590","0.05510","0.00"
"12.05.2016","0.05560","0.05560","0.05600","0.05540","0.00"
"13.05.2016","0.05500","0.05560","0.05580","0.05490","-1.08"
"16.05.2016","0.05460","0.05490","0.05530","0.05450","-0.73"
"17.05.2016","0.05470","0.05460","0.05490","0.05440","0.18"
"18.05.2016","0.05420","0.05470","0.05480","0.05410","-0.91"
"19.05.2016","0.05430","0.05420","0.05430","0.05370","0.18"
"20.05.2016","0.05450","0.05430","0.05460","0.05420","0.37"
"23.05.2016","0.05400","0.05450","0.05460","0.05390","-0.92"
"24.05.2016","0.05410","0.05400","0.05430","0.05380","0.19"
"25.05.2016","0.05410","0.05410","0.05460","0.05400","0.00"
"26.05.2016","0.05420","0.05410","0.05450","0.05400","0.18"
"27.05.2016","0.05420","0.05420","0.05440","0.05390","0.00"
"30.05.2016","0.05410","0.05420","0.05420","0.05400","-0.18"
"31.05.2016","0.05410","0.05410","0.05440","0.05400","0.00"
"01.06.2016","0.05400","0.05410","0.05420","0.05370","-0.18"
"02.06.2016","0.05360","0.05400","0.05410","0.05350","-0.74"
"03.06.2016","0.05380","0.05350","0.05410","0.05340","0.37"
"06.06.2016","0.05360","0.05370","0.05400","0.05350","-0.37"
"07.06.2016","0.05450","0.05360","0.05450","0.05340","1.68"
"08.06.2016","0.05520","0.05450","0.05530","0.05430","1.28"
"09.06.2016","0.05480","0.05520","0.05530","0.05460","-0.72"
"10.06.2016","0.05370","0.05480","0.05480","0.05330","-2.01"
"13.06.2016","0.05310","0.05370","0.05370","0.05300","-1.12"
"14.06.2016","0.05280","0.05310","0.05310","0.05250","-0.56"
"15.06.2016","0.05290","0.05280","0.05330","0.05270","0.19"
"16.06.2016","0.05280","0.05290","0.05300","0.05240","-0.19"
"17.06.2016","0.05310","0.05280","0.05330","0.05270","0.57"
"20.06.2016","0.05360","0.05310","0.05380","0.05310","0.94"
"21.06.2016","0.05370","0.05360","0.05400","0.05350","0.19"
"22.06.2016","0.05410","0.05370","0.05420","0.05340","0.74"
"23.06.2016","0.05490","0.05410","0.05490","0.05410","1.48"
"24.06.2016","0.05280","0.05480","0.05520","0.05120","-3.83"
"27.06.2016","0.05210","0.05270","0.05320","0.05190","-1.33"
"28.06.2016","0.05310","0.05210","0.05330","0.05200","1.92"
"29.06.2016","0.05410","0.05310","0.05410","0.05300","1.88"
"30.06.2016","0.05470","0.05410","0.05500","0.05360","1.11"
"01.07.2016","0.05450","0.05470","0.05520","0.05420","-0.37"
"04.07.2016","0.05430","0.05440","0.05460","0.05420","-0.37"
"05.07.2016","0.05310","0.05430","0.05430","0.05300","-2.21"
"06.07.2016","0.05340","0.05310","0.05350","0.05280","0.56"
"07.07.2016","0.05310","0.05340","0.05380","0.05270","-0.56"
"08.07.2016","0.05400","0.05310","0.05420","0.05290","1.69"
"11.07.2016","0.05420","0.05400","0.05450","0.05370","0.37"
"12.07.2016","0.05450","0.05410","0.05480","0.05410","0.55"
"13.07.2016","0.05440","0.05450","0.05480","0.05420","-0.18"
"14.07.2016","0.05450","0.05440","0.05490","0.05430","0.18"
"15.07.2016","0.05370","0.05450","0.05460","0.05360","-1.47"
"18.07.2016","0.05440","0.05380","0.05450","0.05380","1.30"
"19.07.2016","0.05410","0.05440","0.05450","0.05360","-0.55"
"20.07.2016","0.05350","0.05400","0.05420","0.05350","-1.11"
"21.07.2016","0.05380","0.05350","0.05400","0.05350","0.56"
"22.07.2016","0.05390","0.05380","0.05410","0.05360","0.19"
"25.07.2016","0.05330","0.05390","0.05400","0.05320","-1.11"
"26.07.2016","0.05330","0.05320","0.05340","0.05300","0.00"
"27.07.2016","0.05310","0.05320","0.05340","0.05280","-0.38"
"28.07.2016","0.05290","0.05310","0.05330","0.05280","-0.38"
"29.07.2016","0.05330","0.05290","0.05340","0.05270","0.76"
"01.08.2016","0.05300","0.05330","0.05360","0.05290","-0.56"
"02.08.2016","0.05280","0.05300","0.05320","0.05270","-0.38"
"03.08.2016","0.05300","0.05280","0.05300","0.05260","0.38"
"04.08.2016","0.05290","0.05290","0.05320","0.05280","-0.19"
"05.08.2016","0.05330","0.05290","0.05340","0.05280","0.76"
"08.08.2016","0.05390","0.05330","0.05400","0.05320","1.13"
"09.08.2016","0.05420","0.05390","0.05450","0.05380","0.56"
"10.08.2016","0.05430","0.05420","0.05470","0.05420","0.18"
"11.08.2016","0.05490","0.05430","0.05510","0.05410","1.10"
"12.08.2016","0.05480","0.05480","0.05520","0.05460","-0.18"
"15.08.2016","0.05530","0.05480","0.05560","0.05470","0.91"
"16.08.2016","0.05540","0.05530","0.05590","0.05520","0.18"
"17.08.2016","0.05510","0.05540","0.05550","0.05450","-0.54"
"18.08.2016","0.05500","0.05510","0.05560","0.05490","-0.18"
"19.08.2016","0.05490","0.05500","0.05500","0.05430","-0.18"
"22.08.2016","0.05470","0.05480","0.05490","0.05440","-0.36"
"23.08.2016","0.05390","0.05470","0.05490","0.05380","-1.46"
"24.08.2016","0.05420","0.05380","0.05420","0.05360","0.56"
"25.08.2016","0.05450","0.05420","0.05450","0.05410","0.55"
"26.08.2016","0.05380","0.05440","0.05500","0.05370","-1.28"
"29.08.2016","0.05370","0.05380","0.05400","0.05360","-0.19"
"30.08.2016","0.05320","0.05370","0.05390","0.05300","-0.93"
"31.08.2016","0.05320","0.05320","0.05330","0.05290","0.00"
"01.09.2016","0.05330","0.05320","0.05340","0.05280","0.19"
"02.09.2016","0.05380","0.05330","0.05390","0.05310","0.94"
"05.09.2016","0.05390","0.05380","0.05420","0.05380","0.19"
"06.09.2016","0.05470","0.05390","0.05480","0.05370","1.48"
"07.09.2016","0.05440","0.05470","0.05480","0.05420","-0.55"
"08.09.2016","0.05360","0.05440","0.05480","0.05340","-1.47"
"09.09.2016","0.05290","0.05350","0.05360","0.05280","-1.31"
"12.09.2016","0.05320","0.05290","0.05320","0.05210","0.57"
"13.09.2016","0.05240","0.05310","0.05320","0.05200","-1.50"
"14.09.2016","0.05190","0.05240","0.05260","0.05180","-0.95"
"15.09.2016","0.05170","0.05190","0.05220","0.05150","-0.39"
"16.09.2016","0.05100","0.05170","0.05190","0.05050","-1.35"
"19.09.2016","0.05080","0.05100","0.05140","0.05070","-0.39"
"20.09.2016","0.05050","0.05080","0.05100","0.05020","-0.59"
"21.09.2016","0.05070","0.05050","0.05090","0.05020","0.40"
"22.09.2016","0.05100","0.05060","0.05130","0.05060","0.59"
"23.09.2016","0.05050","0.05100","0.05100","0.05040","-0.98"
"26.09.2016","0.05030","0.05050","0.05070","0.05020","-0.40"
"27.09.2016","0.05160","0.05030","0.05160","0.05020","2.58"
"28.09.2016","0.05160","0.05160","0.05180","0.05110","0.00"
"29.09.2016","0.05120","0.05160","0.05170","0.05110","-0.78"
"30.09.2016","0.05160","0.05120","0.05180","0.05080","0.78"
"03.10.2016","0.05180","0.05160","0.05210","0.05150","0.39"
"04.10.2016","0.05170","0.05180","0.05220","0.05150","-0.19"
"05.10.2016","0.05210","0.05170","0.05210","0.05160","0.77"
"06.10.2016","0.05200","0.05200","0.05210","0.05180","-0.19"
"07.10.2016","0.05180","0.05200","0.05220","0.05160","-0.38"
"10.10.2016","0.05280","0.05260","0.05320","0.05240","1.93"
"11.10.2016","0.05290","0.05280","0.05310","0.05260","0.19"
"12.10.2016","0.05290","0.05290","0.05310","0.05260","0.00"
"13.10.2016","0.05280","0.05280","0.05290","0.05230","-0.19"
"14.10.2016","0.05260","0.05280","0.05310","0.05250","-0.38"
"17.10.2016","0.05300","0.05260","0.05310","0.05250","0.76"
"18.10.2016","0.05370","0.05300","0.05380","0.05290","1.32"
"19.10.2016","0.05400","0.05370","0.05400","0.05350","0.56"
"20.10.2016","0.05370","0.05400","0.05420","0.05360","-0.56"
"21.10.2016","0.05380","0.05370","0.05390","0.05340","0.19"
"24.10.2016","0.05390","0.05370","0.05400","0.05360","0.19"
"25.10.2016","0.05400","0.05390","0.05410","0.05380","0.19"
"26.10.2016","0.05350","0.05400","0.05400","0.05330","-0.93"
"27.10.2016","0.05300","0.05350","0.05360","0.05290","-0.93"
"28.10.2016","0.05270","0.05310","0.05350","0.05230","-0.57"
"31.10.2016","0.05300","0.05270","0.05320","0.05250","0.57"
"01.11.2016","0.05210","0.05300","0.05330","0.05190","-1.70"
"02.11.2016","0.05160","0.05210","0.05220","0.05140","-0.96"
"03.11.2016","0.05220","0.05160","0.05240","0.05110","1.16"
"04.11.2016","0.05260","0.05210","0.05280","0.05190","0.77"
"07.11.2016","0.05380","0.05370","0.05380","0.05340","2.28"
"08.11.2016","0.05460","0.05380","0.05460","0.05360","1.49"
"09.11.2016","0.05040","0.05460","0.05510","0.04810","-7.69"
"10.11.2016","0.04860","0.05040","0.05080","0.04820","-3.57"
"11.11.2016","0.04830","0.04860","0.04880","0.04670","-0.62"
"14.11.2016","0.04830","0.04850","0.04850","0.04740","0.00"
"15.11.2016","0.04930","0.04830","0.04950","0.04810","2.07"
"16.11.2016","0.04950","0.04930","0.04960","0.04870","0.41"
"17.11.2016","0.04900","0.04950","0.04970","0.04880","-1.01"
"18.11.2016","0.04850","0.04890","0.04930","0.04810","-1.02"
"21.11.2016","0.04890","0.04840","0.04900","0.04830","0.82"
"22.11.2016","0.04860","0.04890","0.04930","0.04840","-0.61"
"23.11.2016","0.04850","0.04860","0.04860","0.04810","-0.21"
"24.11.2016","0.04820","0.04840","0.04850","0.04800","-0.62"
"25.11.2016","0.04830","0.04820","0.04860","0.04810","0.21"
"28.11.2016","0.04850","0.04840","0.04880","0.04830","0.41"
"29.11.2016","0.04860","0.04850","0.04860","0.04820","0.21"
"30.11.2016","0.04860","0.04850","0.04890","0.04830","0.00"
"01.12.2016","0.04810","0.04860","0.04880","0.04790","-1.03"
"02.12.2016","0.04850","0.04810","0.04880","0.04790","0.83"
"05.12.2016","0.04860","0.04850","0.04870","0.04820","0.21"
"06.12.2016","0.04900","0.04860","0.04920","0.04850","0.82"
"07.12.2016","0.04920","0.04900","0.04940","0.04890","0.41"
"08.12.2016","0.04930","0.04920","0.04930","0.04880","0.20"
"09.12.2016","0.04910","0.04920","0.04930","0.04880","-0.41"
"12.12.2016","0.04950","0.04910","0.04960","0.04900","0.81"
"13.12.2016","0.04930","0.04940","0.04950","0.04920","-0.40"
"14.12.2016","0.04880","0.04930","0.04960","0.04880","-1.01"
"15.12.2016","0.04920","0.04880","0.04920","0.04830","0.82"
"16.12.2016","0.04900","0.04920","0.04930","0.04880","-0.41"
"19.12.2016","0.04910","0.04890","0.04910","0.04870","0.20"
"20.12.2016","0.04890","0.04900","0.04910","0.04880","-0.41"
"21.12.2016","0.04860","0.04880","0.04910","0.04850","-0.61"
"22.12.2016","0.04820","0.04860","0.04870","0.04800","-0.82"
"23.12.2016","0.04850","0.04820","0.04860","0.04800","0.62"
"26.12.2016","0.04850","0.04850","0.04850","0.04830","0.00"
"27.12.2016","0.04820","0.04850","0.04860","0.04810","-0.62"
"28.12.2016","0.04820","0.04810","0.04830","0.04810","0.00"
"29.12.2016","0.04830","0.04820","0.04850","0.04810","0.21"
"30.12.2016","0.04830","0.04820","0.04860","0.04820","0.00"
"02.01.2017","0.04820","0.04830","0.04830","0.04810","-0.21"
"03.01.2017","0.04740","0.04820","0.04840","0.04730","-1.66"
"04.01.2017","0.04660","0.04740","0.04760","0.04620","-1.69"
"05.01.2017","0.04670","0.04660","0.04730","0.04620","0.21"
"06.01.2017","0.04710","0.04660","0.04720","0.04650","0.86"
"09.01.2017","0.04680","0.04700","0.04710","0.04670","-0.64"
"10.01.2017","0.04590","0.04680","0.04680","0.04580","-1.92"
"11.01.2017","0.04570","0.04590","0.04600","0.04540","-0.44"
"12.01.2017","0.04590","0.04570","0.04630","0.04550","0.44"
"13.01.2017","0.04660","0.04590","0.04660","0.04580","1.53"
"16.01.2017","0.04600","0.04640","0.04650","0.04600","-1.29"
"17.01.2017","0.04650","0.04600","0.04660","0.04600","1.09"
"18.01.2017","0.04560","0.04650","0.04650","0.04540","-1.94"
"19.01.2017","0.04560","0.04560","0.04590","0.04540","0.00"
"20.01.2017","0.04630","0.04550","0.04650","0.04550","1.54"
"23.01.2017","0.04670","0.04630","0.04700","0.04630","0.86"
"24.01.2017","0.04640","0.04670","0.04710","0.04640","-0.64"
"25.01.2017","0.04740","0.04640","0.04780","0.04630","2.16"
"26.01.2017","0.04710","0.04740","0.04790","0.04680","-0.63"
"27.01.2017","0.04780","0.04710","0.04810","0.04670","1.49"
"30.01.2017","0.04810","0.04790","0.04840","0.04780","0.63"
"31.01.2017","0.04800","0.04810","0.04840","0.04780","-0.21"
"","","","","",""
"","Máximo:0.08380","Mínimo:0.04540","Diferencia:0.03840","Promedio:0.06895","% var.:-34.78261"
